Year,circuitIdFrom,circuitIdTo,Car,Plane
2000,1,2,7284.759,0.000
2000,1,4,0.000,16818.980
2000,1,6,0.000,16419.930
2000,1,7,0.000,16724.840
2000,1,8,0.000,16740.230
2000,1,9,0.000,16890.100
2000,1,10,0.000,16314.270
2000,1,11,0.000,15524.380
2000,1,13,0.000,16524.960
2000,1,14,0.000,16268.660
2000,1,18,0.000,13093.650
2000,1,19,0.000,15632.120
2000,1,20,0.000,16403.040
2000,1,21,0.000,16103.780
2000,1,22,9349.165,0.000
2000,1,70,0.000,15806.380
2000,2,4,0.000,10606.940
2000,2,6,0.000,10157.630
2000,2,7,0.000,14634.860
2000,2,8,0.000,10433.360
2000,2,9,0.000,10590.390
2000,2,10,0.000,9999.530
2000,2,11,0.000,9215.500
2000,2,13,0.000,10212.190
2000,2,14,0.000,9979.630
2000,2,18,0.000,15897.910
2000,2,19,0.000,15223.210
2000,2,20,0.000,10090.650
2000,2,21,0.000,9826.840
2000,2,22,5820.980,0.000
2000,2,70,0.000,9501.490
2000,4,6,558.487,0.000
2000,4,7,0.000,5911.350
2000,4,8,682.012,0.000
2000,4,9,1373.672,0.000
2000,4,10,1140.980,0.000
2000,4,11,1722.662,0.000
2000,4,13,1180.411,0.000
2000,4,14,830.312,0.000
2000,4,18,0.000,8792.970
2000,4,19,0.000,7118.210
2000,4,20,1195.206,0.000
2000,4,21,952.639,0.000
2000,4,22,0.000,10368.570
2000,4,70,1349.264,0.000
2000,6,7,0.000,6128.790
2000,6,8,553.693,0.000
2000,6,9,1287.118,0.000
2000,6,10,722.250,0.000
2000,6,11,1164.252,0.000
2000,6,13,866.268,0.000
2000,6,14,294.042,0.000
2000,6,18,0.000,9278.880
2000,6,19,0.000,7336.570
2000,6,20,845.086,0.000
2000,6,21,402.478,0.000
2000,6,22,0.000,9904.000
2000,6,70,794.594,0.000
2000,7,8,0.000,5664.010
2000,7,9,0.000,5202.640
2000,7,10,0.000,5853.420
2000,7,11,0.000,6669.690
2000,7,13,0.000,5627.270
2000,7,14,0.000,6160.520
2000,7,18,9383.616,0.000
2000,7,19,1398.159,0.000
2000,7,20,0.000,5721.810
2000,7,21,0.000,6348.300
2000,7,22,0.000,10569.760
2000,7,70,0.000,6462.650
2000,8,9,751.550,0.000
2000,8,10,558.454,0.000
2000,8,11,1397.416,0.000
2000,8,13,514.705,0.000
2000,8,14,563.944,0.000
2000,8,18,0.000,9302.610
2000,8,19,0.000,6870.210
2000,8,20,547.052,0.000
2000,8,21,829.711,0.000
2000,8,22,0.000,9807.040
2000,8,70,1011.025,0.000
2000,9,10,851.214,0.000
2000,9,11,1760.977,0.000
2000,9,13,597.038,0.000
2000,9,14,1195.373,0.000
2000,9,18,0.000,9525.410
2000,9,19,0.000,6400.380
2000,9,20,675.446,0.000
2000,9,21,1464.393,0.000
2000,9,22,0.000,9509.670
2000,9,70,1442.836,0.000
2000,10,11,932.319,0.000
2000,10,13,256.539,0.000
2000,10,14,478.697,0.000
2000,10,18,0.000,9824.070
2000,10,19,0.000,7047.910
2000,10,20,185.535,0.000
2000,10,21,694.203,0.000
2000,10,22,0.000,9295.350
2000,10,70,592.209,0.000
2000,11,13,1170.232,0.000
2000,11,14,910.328,0.000
2000,11,18,0.000,10276.810
2000,11,19,0.000,7857.090
2000,11,20,1089.823,0.000
2000,11,21,786.475,0.000
2000,11,22,0.000,8956.310
2000,11,70,390.761,0.000
2000,13,14,678.252,0.000
2000,13,18,0.000,9707.410
2000,13,19,0.000,6823.330
2000,13,20,80.638,0.000
2000,13,21,923.755,0.000
2000,13,22,0.000,9382.240
2000,13,70,846.113,0.000
2000,14,18,0.000,9532.560
2000,14,19,0.000,7365.280
2000,14,20,635.681,0.000
2000,14,21,273.802,0.000
2000,14,22,0.000,9646.860
2000,14,70,524.979,0.000
2000,18,19,9389.089,0.000
2000,18,20,0.000,9812.220
2000,18,21,0.000,9589.770
2000,18,22,0.000,18722.020
2000,18,70,0.000,10011.330
2000,19,20,0.000,6915.160
2000,19,21,0.000,7553.010
2000,19,22,0.000,10617.870
2000,19,70,0.000,7657.460
2000,20,21,870.098,0.000
2000,20,22,0.000,9287.450
2000,20,70,769.271,0.000
2000,21,22,0.000,9618.290
2000,21,70,457.213,0.000
2000,22,70,0.000,9198.710
2001,1,2,7284.759,0.000
2001,1,4,0.000,16818.980
2001,1,6,0.000,16419.930
2001,1,7,0.000,16724.840
2001,1,8,0.000,16740.230
2001,1,9,0.000,16890.100
2001,1,10,0.000,16314.270
2001,1,11,0.000,15524.380
2001,1,13,0.000,16524.960
2001,1,14,0.000,16268.660
2001,1,18,0.000,13093.650
2001,1,19,0.000,15632.120
2001,1,20,0.000,16403.040
2001,1,21,0.000,16103.780
2001,1,22,9349.165,0.000
2001,1,70,0.000,15806.380
2001,2,4,0.000,10606.940
2001,2,6,0.000,10157.630
2001,2,7,0.000,14634.860
2001,2,8,0.000,10433.360
2001,2,9,0.000,10590.390
2001,2,10,0.000,9999.530
2001,2,11,0.000,9215.500
2001,2,13,0.000,10212.190
2001,2,14,0.000,9979.630
2001,2,18,0.000,15897.910
2001,2,19,0.000,15223.210
2001,2,20,0.000,10090.650
2001,2,21,0.000,9826.840
2001,2,22,5820.980,0.000
2001,2,70,0.000,9501.490
2001,4,6,558.487,0.000
2001,4,7,0.000,5911.350
2001,4,8,682.012,0.000
2001,4,9,1373.672,0.000
2001,4,10,1140.980,0.000
2001,4,11,1722.662,0.000
2001,4,13,1180.411,0.000
2001,4,14,830.312,0.000
2001,4,18,0.000,8792.970
2001,4,19,0.000,7118.210
2001,4,20,1195.206,0.000
2001,4,21,952.639,0.000
2001,4,22,0.000,10368.570
2001,4,70,1349.264,0.000
2001,6,7,0.000,6128.790
2001,6,8,553.693,0.000
2001,6,9,1287.118,0.000
2001,6,10,722.250,0.000
2001,6,11,1164.252,0.000
2001,6,13,866.268,0.000
2001,6,14,294.042,0.000
2001,6,18,0.000,9278.880
2001,6,19,0.000,7336.570
2001,6,20,845.086,0.000
2001,6,21,402.478,0.000
2001,6,22,0.000,9904.000
2001,6,70,794.594,0.000
2001,7,8,0.000,5664.010
2001,7,9,0.000,5202.640
2001,7,10,0.000,5853.420
2001,7,11,0.000,6669.690
2001,7,13,0.000,5627.270
2001,7,14,0.000,6160.520
2001,7,18,9383.616,0.000
2001,7,19,1398.159,0.000
2001,7,20,0.000,5721.810
2001,7,21,0.000,6348.300
2001,7,22,0.000,10569.760
2001,7,70,0.000,6462.650
2001,8,9,751.550,0.000
2001,8,10,558.454,0.000
2001,8,11,1397.416,0.000
2001,8,13,514.705,0.000
2001,8,14,563.944,0.000
2001,8,18,0.000,9302.610
2001,8,19,0.000,6870.210
2001,8,20,547.052,0.000
2001,8,21,829.711,0.000
2001,8,22,0.000,9807.040
2001,8,70,1011.025,0.000
2001,9,10,851.214,0.000
2001,9,11,1760.977,0.000
2001,9,13,597.038,0.000
2001,9,14,1195.373,0.000
2001,9,18,0.000,9525.410
2001,9,19,0.000,6400.380
2001,9,20,675.446,0.000
2001,9,21,1464.393,0.000
2001,9,22,0.000,9509.670
2001,9,70,1442.836,0.000
2001,10,11,932.319,0.000
2001,10,13,256.539,0.000
2001,10,14,478.697,0.000
2001,10,18,0.000,9824.070
2001,10,19,0.000,7047.910
2001,10,20,185.535,0.000
2001,10,21,694.203,0.000
2001,10,22,0.000,9295.350
2001,10,70,592.209,0.000
2001,11,13,1170.232,0.000
2001,11,14,910.328,0.000
2001,11,18,0.000,10276.810
2001,11,19,0.000,7857.090
2001,11,20,1089.823,0.000
2001,11,21,786.475,0.000
2001,11,22,0.000,8956.310
2001,11,70,390.761,0.000
2001,13,14,678.252,0.000
2001,13,18,0.000,9707.410
2001,13,19,0.000,6823.330
2001,13,20,80.638,0.000
2001,13,21,923.755,0.000
2001,13,22,0.000,9382.240
2001,13,70,846.113,0.000
2001,14,18,0.000,9532.560
2001,14,19,0.000,7365.280
2001,14,20,635.681,0.000
2001,14,21,273.802,0.000
2001,14,22,0.000,9646.860
2001,14,70,524.979,0.000
2001,18,19,9389.089,0.000
2001,18,20,0.000,9812.220
2001,18,21,0.000,9589.770
2001,18,22,0.000,18722.020
2001,18,70,0.000,10011.330
2001,19,20,0.000,6915.160
2001,19,21,0.000,7553.010
2001,19,22,0.000,10617.870
2001,19,70,0.000,7657.460
2001,20,21,870.098,0.000
2001,20,22,0.000,9287.450
2001,20,70,769.271,0.000
2001,21,22,0.000,9618.290
2001,21,70,457.213,0.000
2001,22,70,0.000,9198.710
2002,1,2,7284.759,0.000
2002,1,4,0.000,16818.980
2002,1,6,0.000,16419.930
2002,1,7,0.000,16724.840
2002,1,8,0.000,16740.230
2002,1,9,0.000,16890.100
2002,1,10,0.000,16314.270
2002,1,11,0.000,15524.380
2002,1,13,0.000,16524.960
2002,1,14,0.000,16268.660
2002,1,18,0.000,13093.650
2002,1,19,0.000,15632.120
2002,1,20,0.000,16403.040
2002,1,21,0.000,16103.780
2002,1,22,9349.165,0.000
2002,1,70,0.000,15806.380
2002,2,4,0.000,10606.940
2002,2,6,0.000,10157.630
2002,2,7,0.000,14634.860
2002,2,8,0.000,10433.360
2002,2,9,0.000,10590.390
2002,2,10,0.000,9999.530
2002,2,11,0.000,9215.500
2002,2,13,0.000,10212.190
2002,2,14,0.000,9979.630
2002,2,18,0.000,15897.910
2002,2,19,0.000,15223.210
2002,2,20,0.000,10090.650
2002,2,21,0.000,9826.840
2002,2,22,5820.980,0.000
2002,2,70,0.000,9501.490
2002,4,6,558.487,0.000
2002,4,7,0.000,5911.350
2002,4,8,682.012,0.000
2002,4,9,1373.672,0.000
2002,4,10,1140.980,0.000
2002,4,11,1722.662,0.000
2002,4,13,1180.411,0.000
2002,4,14,830.312,0.000
2002,4,18,0.000,8792.970
2002,4,19,0.000,7118.210
2002,4,20,1195.206,0.000
2002,4,21,952.639,0.000
2002,4,22,0.000,10368.570
2002,4,70,1349.264,0.000
2002,6,7,0.000,6128.790
2002,6,8,553.693,0.000
2002,6,9,1287.118,0.000
2002,6,10,722.250,0.000
2002,6,11,1164.252,0.000
2002,6,13,866.268,0.000
2002,6,14,294.042,0.000
2002,6,18,0.000,9278.880
2002,6,19,0.000,7336.570
2002,6,20,845.086,0.000
2002,6,21,402.478,0.000
2002,6,22,0.000,9904.000
2002,6,70,794.594,0.000
2002,7,8,0.000,5664.010
2002,7,9,0.000,5202.640
2002,7,10,0.000,5853.420
2002,7,11,0.000,6669.690
2002,7,13,0.000,5627.270
2002,7,14,0.000,6160.520
2002,7,18,9383.616,0.000
2002,7,19,1398.159,0.000
2002,7,20,0.000,5721.810
2002,7,21,0.000,6348.300
2002,7,22,0.000,10569.760
2002,7,70,0.000,6462.650
2002,8,9,751.550,0.000
2002,8,10,558.454,0.000
2002,8,11,1397.416,0.000
2002,8,13,514.705,0.000
2002,8,14,563.944,0.000
2002,8,18,0.000,9302.610
2002,8,19,0.000,6870.210
2002,8,20,547.052,0.000
2002,8,21,829.711,0.000
2002,8,22,0.000,9807.040
2002,8,70,1011.025,0.000
2002,9,10,851.214,0.000
2002,9,11,1760.977,0.000
2002,9,13,597.038,0.000
2002,9,14,1195.373,0.000
2002,9,18,0.000,9525.410
2002,9,19,0.000,6400.380
2002,9,20,675.446,0.000
2002,9,21,1464.393,0.000
2002,9,22,0.000,9509.670
2002,9,70,1442.836,0.000
2002,10,11,932.319,0.000
2002,10,13,256.539,0.000
2002,10,14,478.697,0.000
2002,10,18,0.000,9824.070
2002,10,19,0.000,7047.910
2002,10,20,185.535,0.000
2002,10,21,694.203,0.000
2002,10,22,0.000,9295.350
2002,10,70,592.209,0.000
2002,11,13,1170.232,0.000
2002,11,14,910.328,0.000
2002,11,18,0.000,10276.810
2002,11,19,0.000,7857.090
2002,11,20,1089.823,0.000
2002,11,21,786.475,0.000
2002,11,22,0.000,8956.310
2002,11,70,390.761,0.000
2002,13,14,678.252,0.000
2002,13,18,0.000,9707.410
2002,13,19,0.000,6823.330
2002,13,20,80.638,0.000
2002,13,21,923.755,0.000
2002,13,22,0.000,9382.240
2002,13,70,846.113,0.000
2002,14,18,0.000,9532.560
2002,14,19,0.000,7365.280
2002,14,20,635.681,0.000
2002,14,21,273.802,0.000
2002,14,22,0.000,9646.860
2002,14,70,524.979,0.000
2002,18,19,9389.089,0.000
2002,18,20,0.000,9812.220
2002,18,21,0.000,9589.770
2002,18,22,0.000,18722.020
2002,18,70,0.000,10011.330
2002,19,20,0.000,6915.160
2002,19,21,0.000,7553.010
2002,19,22,0.000,10617.870
2002,19,70,0.000,7657.460
2002,20,21,870.098,0.000
2002,20,22,0.000,9287.450
2002,20,70,769.271,0.000
2002,21,22,0.000,9618.290
2002,21,70,457.213,0.000
2002,22,70,0.000,9198.710
2003,1,2,7284.759,0.000
2003,1,4,0.000,16818.980
2003,1,6,0.000,16419.930
2003,1,7,0.000,16724.840
2003,1,8,0.000,16740.230
2003,1,9,0.000,16890.100
2003,1,10,0.000,16314.270
2003,1,11,0.000,15524.380
2003,1,14,0.000,16268.660
2003,1,18,0.000,13093.650
2003,1,19,0.000,15632.120
2003,1,20,0.000,16403.040
2003,1,21,0.000,16103.780
2003,1,22,9349.165,0.000
2003,1,70,0.000,15806.380
2003,2,4,0.000,10606.940
2003,2,6,0.000,10157.630
2003,2,7,0.000,14634.860
2003,2,8,0.000,10433.360
2003,2,9,0.000,10590.390
2003,2,10,0.000,9999.530
2003,2,11,0.000,9215.500
2003,2,14,0.000,9979.630
2003,2,18,0.000,15897.910
2003,2,19,0.000,15223.210
2003,2,20,0.000,10090.650
2003,2,21,0.000,9826.840
2003,2,22,5820.980,0.000
2003,2,70,0.000,9501.490
2003,4,6,558.487,0.000
2003,4,7,0.000,5911.350
2003,4,8,682.012,0.000
2003,4,9,1373.672,0.000
2003,4,10,1140.980,0.000
2003,4,11,1722.662,0.000
2003,4,14,830.312,0.000
2003,4,18,0.000,8792.970
2003,4,19,0.000,7118.210
2003,4,20,1195.206,0.000
2003,4,21,952.639,0.000
2003,4,22,0.000,10368.570
2003,4,70,1349.264,0.000
2003,6,7,0.000,6128.790
2003,6,8,553.693,0.000
2003,6,9,1287.118,0.000
2003,6,10,722.250,0.000
2003,6,11,1164.252,0.000
2003,6,14,294.042,0.000
2003,6,18,0.000,9278.880
2003,6,19,0.000,7336.570
2003,6,20,845.086,0.000
2003,6,21,402.478,0.000
2003,6,22,0.000,9904.000
2003,6,70,794.594,0.000
2003,7,8,0.000,5664.010
2003,7,9,0.000,5202.640
2003,7,10,0.000,5853.420
2003,7,11,0.000,6669.690
2003,7,14,0.000,6160.520
2003,7,18,9383.616,0.000
2003,7,19,1398.159,0.000
2003,7,20,0.000,5721.810
2003,7,21,0.000,6348.300
2003,7,22,0.000,10569.760
2003,7,70,0.000,6462.650
2003,8,9,751.550,0.000
2003,8,10,558.454,0.000
2003,8,11,1397.416,0.000
2003,8,14,563.944,0.000
2003,8,18,0.000,9302.610
2003,8,19,0.000,6870.210
2003,8,20,547.052,0.000
2003,8,21,829.711,0.000
2003,8,22,0.000,9807.040
2003,8,70,1011.025,0.000
2003,9,10,851.214,0.000
2003,9,11,1760.977,0.000
2003,9,14,1195.373,0.000
2003,9,18,0.000,9525.410
2003,9,19,0.000,6400.380
2003,9,20,675.446,0.000
2003,9,21,1464.393,0.000
2003,9,22,0.000,9509.670
2003,9,70,1442.836,0.000
2003,10,11,932.319,0.000
2003,10,14,478.697,0.000
2003,10,18,0.000,9824.070
2003,10,19,0.000,7047.910
2003,10,20,185.535,0.000
2003,10,21,694.203,0.000
2003,10,22,0.000,9295.350
2003,10,70,592.209,0.000
2003,11,14,910.328,0.000
2003,11,18,0.000,10276.810
2003,11,19,0.000,7857.090
2003,11,20,1089.823,0.000
2003,11,21,786.475,0.000
2003,11,22,0.000,8956.310
2003,11,70,390.761,0.000
2003,14,18,0.000,9532.560
2003,14,19,0.000,7365.280
2003,14,20,635.681,0.000
2003,14,21,273.802,0.000
2003,14,22,0.000,9646.860
2003,14,70,524.979,0.000
2003,18,19,9389.089,0.000
2003,18,20,0.000,9812.220
2003,18,21,0.000,9589.770
2003,18,22,0.000,18722.020
2003,18,70,0.000,10011.330
2003,19,20,0.000,6915.160
2003,19,21,0.000,7553.010
2003,19,22,0.000,10617.870
2003,19,70,0.000,7657.460
2003,20,21,870.098,0.000
2003,20,22,0.000,9287.450
2003,20,70,769.271,0.000
2003,21,22,0.000,9618.290
2003,21,70,457.213,0.000
2003,22,70,0.000,9198.710
2004,1,2,7284.759,0.000
2004,1,3,0.000,12100.290
2004,1,4,0.000,16818.980
2004,1,6,0.000,16419.930
2004,1,7,0.000,16724.840
2004,1,8,0.000,16740.230
2004,1,9,0.000,16890.100
2004,1,10,0.000,16314.270
2004,1,11,0.000,15524.380
2004,1,13,0.000,16524.960
2004,1,14,0.000,16268.660
2004,1,17,9290.222,0.000
2004,1,18,0.000,13093.650
2004,1,19,0.000,15632.120
2004,1,20,0.000,16403.040
2004,1,21,0.000,16103.780
2004,1,22,9349.165,0.000
2004,2,3,0.000,6034.720
2004,2,4,0.000,10606.940
2004,2,6,0.000,10157.630
2004,2,7,0.000,14634.860
2004,2,8,0.000,10433.360
2004,2,9,0.000,10590.390
2004,2,10,0.000,9999.530
2004,2,11,0.000,9215.500
2004,2,13,0.000,10212.190
2004,2,14,0.000,9979.630
2004,2,17,4343.991,0.000
2004,2,18,0.000,15897.910
2004,2,19,0.000,15223.210
2004,2,20,0.000,10090.650
2004,2,21,0.000,9826.840
2004,2,22,5820.980,0.000
2004,3,4,0.000,4718.690
2004,3,6,0.000,4340.260
2004,3,7,0.000,10259.310
2004,3,8,0.000,4731.200
2004,3,9,0.000,5097.970
2004,3,10,0.000,4441.350
2004,3,11,0.000,3608.610
2004,3,13,0.000,4671.450
2004,3,14,0.000,4229.400
2004,3,17,0.000,6842.500
2004,3,18,0.000,11826.430
2004,3,19,0.000,11427.480
2004,3,20,0.000,4566.750
2004,3,21,0.000,4049.120
2004,3,22,0.000,8052.260
2004,4,6,558.487,0.000
2004,4,7,0.000,5911.350
2004,4,8,682.012,0.000
2004,4,9,1373.672,0.000
2004,4,10,1140.980,0.000
2004,4,11,1722.662,0.000
2004,4,13,1180.411,0.000
2004,4,14,830.312,0.000
2004,4,17,0.000,9864.350
2004,4,18,0.000,8792.970
2004,4,19,0.000,7118.210
2004,4,20,1195.206,0.000
2004,4,21,952.639,0.000
2004,4,22,0.000,10368.570
2004,6,7,0.000,6128.790
2004,6,8,553.693,0.000
2004,6,9,1287.118,0.000
2004,6,10,722.250,0.000
2004,6,11,1164.252,0.000
2004,6,13,866.268,0.000
2004,6,14,294.042,0.000
2004,6,17,0.000,9373.310
2004,6,18,0.000,9278.880
2004,6,19,0.000,7336.570
2004,6,20,845.086,0.000
2004,6,21,402.478,0.000
2004,6,22,0.000,9904.000
2004,7,8,0.000,5664.010
2004,7,9,0.000,5202.640
2004,7,10,0.000,5853.420
2004,7,11,0.000,6669.690
2004,7,13,0.000,5627.270
2004,7,14,0.000,6160.520
2004,7,17,0.000,11352.570
2004,7,18,9383.616,0.000
2004,7,19,1398.159,0.000
2004,7,20,0.000,5721.810
2004,7,21,0.000,6348.300
2004,7,22,0.000,10569.760
2004,8,9,751.550,0.000
2004,8,10,558.454,0.000
2004,8,11,1397.416,0.000
2004,8,13,514.705,0.000
2004,8,14,563.944,0.000
2004,8,17,0.000,9381.940
2004,8,18,0.000,9302.610
2004,8,19,0.000,6870.210
2004,8,20,547.052,0.000
2004,8,21,829.711,0.000
2004,8,22,0.000,9807.040
2004,9,10,851.214,0.000
2004,9,11,1760.977,0.000
2004,9,13,597.038,0.000
2004,9,14,1195.373,0.000
2004,9,17,0.000,9205.980
2004,9,18,0.000,9525.410
2004,9,19,0.000,6400.380
2004,9,20,675.446,0.000
2004,9,21,1464.393,0.000
2004,9,22,0.000,9509.670
2004,10,11,932.319,0.000
2004,10,13,256.539,0.000
2004,10,14,478.697,0.000
2004,10,17,0.000,8859.760
2004,10,18,0.000,9824.070
2004,10,19,0.000,7047.910
2004,10,20,185.535,0.000
2004,10,21,694.203,0.000
2004,10,22,0.000,9295.350
2004,11,13,1170.232,0.000
2004,11,14,910.328,0.000
2004,11,17,0.000,8363.910
2004,11,18,0.000,10276.810
2004,11,19,0.000,7857.090
2004,11,20,1089.823,0.000
2004,11,21,786.475,0.000
2004,11,22,0.000,8956.310
2004,13,14,678.252,0.000
2004,13,17,0.000,8991.360
2004,13,18,0.000,9707.410
2004,13,19,0.000,6823.330
2004,13,20,80.638,0.000
2004,13,21,923.755,0.000
2004,13,22,0.000,9382.240
2004,14,17,0.000,9122.530
2004,14,18,0.000,9532.560
2004,14,19,0.000,7365.280
2004,14,20,635.681,0.000
2004,14,21,273.802,0.000
2004,14,22,0.000,9646.860
2004,17,18,0.000,18603.590
2004,17,19,0.000,11619.130
2004,17,20,0.000,8881.900
2004,17,21,0.000,9055.310
2004,17,22,1699.483,0.000
2004,18,19,9389.089,0.000
2004,18,20,0.000,9812.220
2004,18,21,0.000,9589.770
2004,18,22,0.000,18722.020
2004,19,20,0.000,6915.160
2004,19,21,0.000,7553.010
2004,19,22,0.000,10617.870
2004,20,21,870.098,0.000
2004,20,22,0.000,9287.450
2004,21,22,0.000,9618.290
2005,1,2,7284.759,0.000
2005,1,3,0.000,12100.290
2005,1,4,0.000,16818.980
2005,1,5,0.000,14583.130
2005,1,6,0.000,16419.930
2005,1,7,0.000,16724.840
2005,1,8,0.000,16740.230
2005,1,9,0.000,16890.100
2005,1,10,0.000,16314.270
2005,1,11,0.000,15524.380
2005,1,13,0.000,16524.960
2005,1,14,0.000,16268.660
2005,1,17,9290.222,0.000
2005,1,18,0.000,13093.650
2005,1,19,0.000,15632.120
2005,1,20,0.000,16403.040
2005,1,21,0.000,16103.780
2005,1,22,9349.165,0.000
2005,2,3,0.000,6034.720
2005,2,4,0.000,10606.940
2005,2,5,0.000,8334.190
2005,2,6,0.000,10157.630
2005,2,7,0.000,14634.860
2005,2,8,0.000,10433.360
2005,2,9,0.000,10590.390
2005,2,10,0.000,9999.530
2005,2,11,0.000,9215.500
2005,2,13,0.000,10212.190
2005,2,14,0.000,9979.630
2005,2,17,4343.991,0.000
2005,2,18,0.000,15897.910
2005,2,19,0.000,15223.210
2005,2,20,0.000,10090.650
2005,2,21,0.000,9826.840
2005,2,22,5820.980,0.000
2005,3,4,0.000,4718.690
2005,3,5,0.000,2546.410
2005,3,6,0.000,4340.260
2005,3,7,0.000,10259.310
2005,3,8,0.000,4731.200
2005,3,9,0.000,5097.970
2005,3,10,0.000,4441.350
2005,3,11,0.000,3608.610
2005,3,13,0.000,4671.450
2005,3,14,0.000,4229.400
2005,3,17,0.000,6842.500
2005,3,18,0.000,11826.430
2005,3,19,0.000,11427.480
2005,3,20,0.000,4566.750
2005,3,21,0.000,4049.120
2005,3,22,0.000,8052.260
2005,4,5,2599.630,0.000
2005,4,6,558.487,0.000
2005,4,7,0.000,5911.350
2005,4,8,682.012,0.000
2005,4,9,1373.672,0.000
2005,4,10,1140.980,0.000
2005,4,11,1722.662,0.000
2005,4,13,1180.411,0.000
2005,4,14,830.312,0.000
2005,4,17,0.000,9864.350
2005,4,18,0.000,8792.970
2005,4,19,0.000,7118.210
2005,4,20,1195.206,0.000
2005,4,21,952.639,0.000
2005,4,22,0.000,10368.570
2005,5,6,2101.664,0.000
2005,5,7,0.000,7749.480
2005,5,8,2519.345,0.000
2005,5,9,3000.718,0.000
2005,5,10,2153.009,0.000
2005,5,11,1256.319,0.000
2005,5,13,2403.983,0.000
2005,5,14,1959.798,0.000
2005,5,17,0.000,7996.510
2005,5,18,0.000,10610.200
2005,5,19,0.000,8937.860
2005,5,20,2325.272,0.000
2005,5,21,1715.520,0.000
2005,5,22,0.000,8804.310
2005,6,7,0.000,6128.790
2005,6,8,553.693,0.000
2005,6,9,1287.118,0.000
2005,6,10,722.250,0.000
2005,6,11,1164.252,0.000
2005,6,13,866.268,0.000
2005,6,14,294.042,0.000
2005,6,17,0.000,9373.310
2005,6,18,0.000,9278.880
2005,6,19,0.000,7336.570
2005,6,20,845.086,0.000
2005,6,21,402.478,0.000
2005,6,22,0.000,9904.000
2005,7,8,0.000,5664.010
2005,7,9,0.000,5202.640
2005,7,10,0.000,5853.420
2005,7,11,0.000,6669.690
2005,7,13,0.000,5627.270
2005,7,14,0.000,6160.520
2005,7,17,0.000,11352.570
2005,7,18,9383.616,0.000
2005,7,19,1398.159,0.000
2005,7,20,0.000,5721.810
2005,7,21,0.000,6348.300
2005,7,22,0.000,10569.760
2005,8,9,751.550,0.000
2005,8,10,558.454,0.000
2005,8,11,1397.416,0.000
2005,8,13,514.705,0.000
2005,8,14,563.944,0.000
2005,8,17,0.000,9381.940
2005,8,18,0.000,9302.610
2005,8,19,0.000,6870.210
2005,8,20,547.052,0.000
2005,8,21,829.711,0.000
2005,8,22,0.000,9807.040
2005,9,10,851.214,0.000
2005,9,11,1760.977,0.000
2005,9,13,597.038,0.000
2005,9,14,1195.373,0.000
2005,9,17,0.000,9205.980
2005,9,18,0.000,9525.410
2005,9,19,0.000,6400.380
2005,9,20,675.446,0.000
2005,9,21,1464.393,0.000
2005,9,22,0.000,9509.670
2005,10,11,932.319,0.000
2005,10,13,256.539,0.000
2005,10,14,478.697,0.000
2005,10,17,0.000,8859.760
2005,10,18,0.000,9824.070
2005,10,19,0.000,7047.910
2005,10,20,185.535,0.000
2005,10,21,694.203,0.000
2005,10,22,0.000,9295.350
2005,11,13,1170.232,0.000
2005,11,14,910.328,0.000
2005,11,17,0.000,8363.910
2005,11,18,0.000,10276.810
2005,11,19,0.000,7857.090
2005,11,20,1089.823,0.000
2005,11,21,786.475,0.000
2005,11,22,0.000,8956.310
2005,13,14,678.252,0.000
2005,13,17,0.000,8991.360
2005,13,18,0.000,9707.410
2005,13,19,0.000,6823.330
2005,13,20,80.638,0.000
2005,13,21,923.755,0.000
2005,13,22,0.000,9382.240
2005,14,17,0.000,9122.530
2005,14,18,0.000,9532.560
2005,14,19,0.000,7365.280
2005,14,20,635.681,0.000
2005,14,21,273.802,0.000
2005,14,22,0.000,9646.860
2005,17,18,0.000,18603.590
2005,17,19,0.000,11619.130
2005,17,20,0.000,8881.900
2005,17,21,0.000,9055.310
2005,17,22,1699.483,0.000
2005,18,19,9389.089,0.000
2005,18,20,0.000,9812.220
2005,18,21,0.000,9589.770
2005,18,22,0.000,18722.020
2005,19,20,0.000,6915.160
2005,19,21,0.000,7553.010
2005,19,22,0.000,10617.870
2005,20,21,870.098,0.000
2005,20,22,0.000,9287.450
2005,21,22,0.000,9618.290
2006,1,2,7284.759,0.000
2006,1,3,0.000,12100.290
2006,1,4,0.000,16818.980
2006,1,5,0.000,14583.130
2006,1,6,0.000,16419.930
2006,1,7,0.000,16724.840
2006,1,8,0.000,16740.230
2006,1,9,0.000,16890.100
2006,1,10,0.000,16314.270
2006,1,11,0.000,15524.380
2006,1,14,0.000,16268.660
2006,1,17,9290.222,0.000
2006,1,18,0.000,13093.650
2006,1,19,0.000,15632.120
2006,1,20,0.000,16403.040
2006,1,21,0.000,16103.780
2006,1,22,9349.165,0.000
2006,2,3,0.000,6034.720
2006,2,4,0.000,10606.940
2006,2,5,0.000,8334.190
2006,2,6,0.000,10157.630
2006,2,7,0.000,14634.860
2006,2,8,0.000,10433.360
2006,2,9,0.000,10590.390
2006,2,10,0.000,9999.530
2006,2,11,0.000,9215.500
2006,2,14,0.000,9979.630
2006,2,17,4343.991,0.000
2006,2,18,0.000,15897.910
2006,2,19,0.000,15223.210
2006,2,20,0.000,10090.650
2006,2,21,0.000,9826.840
2006,2,22,5820.980,0.000
2006,3,4,0.000,4718.690
2006,3,5,0.000,2546.410
2006,3,6,0.000,4340.260
2006,3,7,0.000,10259.310
2006,3,8,0.000,4731.200
2006,3,9,0.000,5097.970
2006,3,10,0.000,4441.350
2006,3,11,0.000,3608.610
2006,3,14,0.000,4229.400
2006,3,17,0.000,6842.500
2006,3,18,0.000,11826.430
2006,3,19,0.000,11427.480
2006,3,20,0.000,4566.750
2006,3,21,0.000,4049.120
2006,3,22,0.000,8052.260
2006,4,5,2599.630,0.000
2006,4,6,558.487,0.000
2006,4,7,0.000,5911.350
2006,4,8,682.012,0.000
2006,4,9,1373.672,0.000
2006,4,10,1140.980,0.000
2006,4,11,1722.662,0.000
2006,4,14,830.312,0.000
2006,4,17,0.000,9864.350
2006,4,18,0.000,8792.970
2006,4,19,0.000,7118.210
2006,4,20,1195.206,0.000
2006,4,21,952.639,0.000
2006,4,22,0.000,10368.570
2006,5,6,2101.664,0.000
2006,5,7,0.000,7749.480
2006,5,8,2519.345,0.000
2006,5,9,3000.718,0.000
2006,5,10,2153.009,0.000
2006,5,11,1256.319,0.000
2006,5,14,1959.798,0.000
2006,5,17,0.000,7996.510
2006,5,18,0.000,10610.200
2006,5,19,0.000,8937.860
2006,5,20,2325.272,0.000
2006,5,21,1715.520,0.000
2006,5,22,0.000,8804.310
2006,6,7,0.000,6128.790
2006,6,8,553.693,0.000
2006,6,9,1287.118,0.000
2006,6,10,722.250,0.000
2006,6,11,1164.252,0.000
2006,6,14,294.042,0.000
2006,6,17,0.000,9373.310
2006,6,18,0.000,9278.880
2006,6,19,0.000,7336.570
2006,6,20,845.086,0.000
2006,6,21,402.478,0.000
2006,6,22,0.000,9904.000
2006,7,8,0.000,5664.010
2006,7,9,0.000,5202.640
2006,7,10,0.000,5853.420
2006,7,11,0.000,6669.690
2006,7,14,0.000,6160.520
2006,7,17,0.000,11352.570
2006,7,18,9383.616,0.000
2006,7,19,1398.159,0.000
2006,7,20,0.000,5721.810
2006,7,21,0.000,6348.300
2006,7,22,0.000,10569.760
2006,8,9,751.550,0.000
2006,8,10,558.454,0.000
2006,8,11,1397.416,0.000
2006,8,14,563.944,0.000
2006,8,17,0.000,9381.940
2006,8,18,0.000,9302.610
2006,8,19,0.000,6870.210
2006,8,20,547.052,0.000
2006,8,21,829.711,0.000
2006,8,22,0.000,9807.040
2006,9,10,851.214,0.000
2006,9,11,1760.977,0.000
2006,9,14,1195.373,0.000
2006,9,17,0.000,9205.980
2006,9,18,0.000,9525.410
2006,9,19,0.000,6400.380
2006,9,20,675.446,0.000
2006,9,21,1464.393,0.000
2006,9,22,0.000,9509.670
2006,10,11,932.319,0.000
2006,10,14,478.697,0.000
2006,10,17,0.000,8859.760
2006,10,18,0.000,9824.070
2006,10,19,0.000,7047.910
2006,10,20,185.535,0.000
2006,10,21,694.203,0.000
2006,10,22,0.000,9295.350
2006,11,14,910.328,0.000
2006,11,17,0.000,8363.910
2006,11,18,0.000,10276.810
2006,11,19,0.000,7857.090
2006,11,20,1089.823,0.000
2006,11,21,786.475,0.000
2006,11,22,0.000,8956.310
2006,14,17,0.000,9122.530
2006,14,18,0.000,9532.560
2006,14,19,0.000,7365.280
2006,14,20,635.681,0.000
2006,14,21,273.802,0.000
2006,14,22,0.000,9646.860
2006,17,18,0.000,18603.590
2006,17,19,0.000,11619.130
2006,17,20,0.000,8881.900
2006,17,21,0.000,9055.310
2006,17,22,1699.483,0.000
2006,18,19,9389.089,0.000
2006,18,20,0.000,9812.220
2006,18,21,0.000,9589.770
2006,18,22,0.000,18722.020
2006,19,20,0.000,6915.160
2006,19,21,0.000,7553.010
2006,19,22,0.000,10617.870
2006,20,21,870.098,0.000
2006,20,22,0.000,9287.450
2006,21,22,0.000,9618.290
2007,1,2,7284.759,0.000
2007,1,3,0.000,12100.290
2007,1,4,0.000,16818.980
2007,1,5,0.000,14583.130
2007,1,6,0.000,16419.930
2007,1,7,0.000,16724.840
2007,1,8,0.000,16740.230
2007,1,9,0.000,16890.100
2007,1,11,0.000,15524.380
2007,1,13,0.000,16524.960
2007,1,14,0.000,16268.660
2007,1,16,9390.471,0.000
2007,1,17,9290.222,0.000
2007,1,18,0.000,13093.650
2007,1,19,0.000,15632.120
2007,1,20,0.000,16403.040
2007,2,3,0.000,6034.720
2007,2,4,0.000,10606.940
2007,2,5,0.000,8334.190
2007,2,6,0.000,10157.630
2007,2,7,0.000,14634.860
2007,2,8,0.000,10433.360
2007,2,9,0.000,10590.390
2007,2,11,0.000,9215.500
2007,2,13,0.000,10212.190
2007,2,14,0.000,9979.630
2007,2,16,6062.738,0.000
2007,2,17,4343.991,0.000
2007,2,18,0.000,15897.910
2007,2,19,0.000,15223.210
2007,2,20,0.000,10090.650
2007,3,4,0.000,4718.690
2007,3,5,0.000,2546.410
2007,3,6,0.000,4340.260
2007,3,7,0.000,10259.310
2007,3,8,0.000,4731.200
2007,3,9,0.000,5097.970
2007,3,11,0.000,3608.610
2007,3,13,0.000,4671.450
2007,3,14,0.000,4229.400
2007,3,16,0.000,8172.890
2007,3,17,0.000,6842.500
2007,3,18,0.000,11826.430
2007,3,19,0.000,11427.480
2007,3,20,0.000,4566.750
2007,4,5,2599.630,0.000
2007,4,6,558.487,0.000
2007,4,7,0.000,5911.350
2007,4,8,682.012,0.000
2007,4,9,1373.672,0.000
2007,4,11,1722.662,0.000
2007,4,13,1180.411,0.000
2007,4,14,830.312,0.000
2007,4,16,0.000,10441.140
2007,4,17,0.000,9864.350
2007,4,18,0.000,8792.970
2007,4,19,0.000,7118.210
2007,4,20,1195.206,0.000
2007,5,6,2101.664,0.000
2007,5,7,0.000,7749.480
2007,5,8,2519.345,0.000
2007,5,9,3000.718,0.000
2007,5,11,1256.319,0.000
2007,5,13,2403.983,0.000
2007,5,14,1959.798,0.000
2007,5,16,0.000,8901.190
2007,5,17,0.000,7996.510
2007,5,18,0.000,10610.200
2007,5,19,0.000,8937.860
2007,5,20,2325.272,0.000
2007,6,7,0.000,6128.790
2007,6,8,553.693,0.000
2007,6,9,1287.118,0.000
2007,6,11,1164.252,0.000
2007,6,13,866.268,0.000
2007,6,14,294.042,0.000
2007,6,16,0.000,9979.450
2007,6,17,0.000,9373.310
2007,6,18,0.000,9278.880
2007,6,19,0.000,7336.570
2007,6,20,845.086,0.000
2007,7,8,0.000,5664.010
2007,7,9,0.000,5202.640
2007,7,11,0.000,6669.690
2007,7,13,0.000,5627.270
2007,7,14,0.000,6160.520
2007,7,16,0.000,10530.150
2007,7,17,0.000,11352.570
2007,7,18,9383.616,0.000
2007,7,19,1398.159,0.000
2007,7,20,0.000,5721.810
2007,8,9,751.550,0.000
2007,8,11,1397.416,0.000
2007,8,13,514.705,0.000
2007,8,14,563.944,0.000
2007,8,16,0.000,9874.630
2007,8,17,0.000,9381.940
2007,8,18,0.000,9302.610
2007,8,19,0.000,6870.210
2007,8,20,547.052,0.000
2007,9,11,1760.977,0.000
2007,9,13,597.038,0.000
2007,9,14,1195.373,0.000
2007,9,16,0.000,9568.400
2007,9,17,0.000,9205.980
2007,9,18,0.000,9525.410
2007,9,19,0.000,6400.380
2007,9,20,675.446,0.000
2007,11,13,1170.232,0.000
2007,11,14,910.328,0.000
2007,11,16,0.000,9038.000
2007,11,17,0.000,8363.910
2007,11,18,0.000,10276.810
2007,11,19,0.000,7857.090
2007,11,20,1089.823,0.000
2007,13,14,678.252,0.000
2007,13,16,0.000,9448.050
2007,13,17,0.000,8991.360
2007,13,18,0.000,9707.410
2007,13,19,0.000,6823.330
2007,13,20,80.638,0.000
2007,14,16,0.000,9722.300
2007,14,17,0.000,9122.530
2007,14,18,0.000,9532.560
2007,14,19,0.000,7365.280
2007,14,20,635.681,0.000
2007,16,17,1957.259,0.000
2007,16,18,0.000,18687.570
2007,16,19,0.000,10556.270
2007,16,20,0.000,9354.580
2007,17,18,0.000,18603.590
2007,17,19,0.000,11619.130
2007,17,20,0.000,8881.900
2007,18,19,9389.089,0.000
2007,18,20,0.000,9812.220
2007,19,20,0.000,6915.160
2008,1,2,7284.759,0.000
2008,1,3,0.000,12100.290
2008,1,4,0.000,16818.980
2008,1,5,0.000,14583.130
2008,1,6,0.000,16419.930
2008,1,7,0.000,16724.840
2008,1,8,0.000,16740.230
2008,1,9,0.000,16890.100
2008,1,10,0.000,16314.270
2008,1,11,0.000,15524.380
2008,1,12,0.000,17012.810
2008,1,13,0.000,16524.960
2008,1,14,0.000,16268.660
2008,1,15,6966.334,0.000
2008,1,16,9390.471,0.000
2008,1,17,9290.222,0.000
2008,1,18,0.000,13093.650
2008,2,3,0.000,6034.720
2008,2,4,0.000,10606.940
2008,2,5,0.000,8334.190
2008,2,6,0.000,10157.630
2008,2,7,0.000,14634.860
2008,2,8,0.000,10433.360
2008,2,9,0.000,10590.390
2008,2,10,0.000,9999.530
2008,2,11,0.000,9215.500
2008,2,12,0.000,10853.090
2008,2,13,0.000,10212.190
2008,2,14,0.000,9979.630
2008,2,15,330.331,0.000
2008,2,16,6062.738,0.000
2008,2,17,4343.991,0.000
2008,2,18,0.000,15897.910
2008,3,4,0.000,4718.690
2008,3,5,0.000,2546.410
2008,3,6,0.000,4340.260
2008,3,7,0.000,10259.310
2008,3,8,0.000,4731.200
2008,3,9,0.000,5097.970
2008,3,10,0.000,4441.350
2008,3,11,0.000,3608.610
2008,3,12,0.000,4924.040
2008,3,13,0.000,4671.450
2008,3,14,0.000,4229.400
2008,3,15,0.000,6332.170
2008,3,16,0.000,8172.890
2008,3,17,0.000,6842.500
2008,3,18,0.000,11826.430
2008,4,5,2599.630,0.000
2008,4,6,558.487,0.000
2008,4,7,0.000,5911.350
2008,4,8,682.012,0.000
2008,4,9,1373.672,0.000
2008,4,10,1140.980,0.000
2008,4,11,1722.662,0.000
2008,4,12,369.298,0.000
2008,4,13,1180.411,0.000
2008,4,14,830.312,0.000
2008,4,15,0.000,10899.380
2008,4,16,0.000,10441.140
2008,4,17,0.000,9864.350
2008,4,18,0.000,8792.970
2008,5,6,2101.664,0.000
2008,5,7,0.000,7749.480
2008,5,8,2519.345,0.000
2008,5,9,3000.718,0.000
2008,5,10,2153.009,0.000
2008,5,11,1256.319,0.000
2008,5,12,2896.406,0.000
2008,5,13,2403.983,0.000
2008,5,14,1959.798,0.000
2008,5,15,0.000,8626.880
2008,5,16,0.000,8901.190
2008,5,17,0.000,7996.510
2008,5,18,0.000,10610.200
2008,6,7,0.000,6128.790
2008,6,8,553.693,0.000
2008,6,9,1287.118,0.000
2008,6,10,722.250,0.000
2008,6,11,1164.252,0.000
2008,6,12,920.490,0.000
2008,6,13,866.268,0.000
2008,6,14,294.042,0.000
2008,6,15,0.000,10448.110
2008,6,16,0.000,9979.450
2008,6,17,0.000,9373.310
2008,6,18,0.000,9278.880
2008,7,8,0.000,5664.010
2008,7,9,0.000,5202.640
2008,7,10,0.000,5853.420
2008,7,11,0.000,6669.690
2008,7,12,0.000,5833.880
2008,7,13,0.000,5627.270
2008,7,14,0.000,6160.520
2008,7,15,0.000,14804.070
2008,7,16,0.000,10530.150
2008,7,17,0.000,11352.570
2008,7,18,9383.616,0.000
2008,8,9,751.550,0.000
2008,8,10,558.454,0.000
2008,8,11,1397.416,0.000
2008,8,12,1001.221,0.000
2008,8,13,514.705,0.000
2008,8,14,563.944,0.000
2008,8,15,0.000,10719.140
2008,8,16,0.000,9874.630
2008,8,17,0.000,9381.940
2008,8,18,0.000,9302.610
2008,9,10,851.214,0.000
2008,9,11,1760.977,0.000
2008,9,12,1614.871,0.000
2008,9,13,597.038,0.000
2008,9,14,1195.373,0.000
2008,9,15,0.000,10867.470
2008,9,16,0.000,9568.400
2008,9,17,0.000,9205.980
2008,9,18,0.000,9525.410
2008,10,11,932.319,0.000
2008,10,12,1498.848,0.000
2008,10,13,256.539,0.000
2008,10,14,478.697,0.000
2008,10,15,0.000,10281.270
2008,10,16,0.000,9364.760
2008,10,17,0.000,8859.760
2008,10,18,0.000,9824.070
2008,11,12,2083.010,0.000
2008,11,13,1170.232,0.000
2008,11,14,910.328,0.000
2008,11,15,0.000,9501.370
2008,11,16,0.000,9038.000
2008,11,17,0.000,8363.910
2008,11,18,0.000,10276.810
2008,12,13,1513.945,0.000
2008,12,14,1198.547,0.000
2008,12,15,0.000,11146.840
2008,12,16,0.000,10728.930
2008,12,17,0.000,10159.980
2008,12,18,0.000,8497.880
2008,13,14,678.252,0.000
2008,13,15,0.000,10492.570
2008,13,16,0.000,9448.050
2008,13,17,0.000,8991.360
2008,13,18,0.000,9707.410
2008,14,15,0.000,10268.140
2008,14,16,0.000,9722.300
2008,14,17,0.000,9122.530
2008,14,18,0.000,9532.560
2008,15,16,6026.981,0.000
2008,15,17,4377.828,0.000
2008,15,18,0.000,15998.960
2008,16,17,1957.259,0.000
2008,16,18,0.000,18687.570
2008,17,18,0.000,18603.590
2009,1,2,7284.759,0.000
2009,1,3,0.000,12100.290
2009,1,4,0.000,16818.980
2009,1,5,0.000,14583.130
2009,1,6,0.000,16419.930
2009,1,9,0.000,16890.100
2009,1,11,0.000,15524.380
2009,1,12,0.000,17012.810
2009,1,13,0.000,16524.960
2009,1,14,0.000,16268.660
2009,1,15,6966.334,0.000
2009,1,17,9290.222,0.000
2009,1,18,0.000,13093.650
2009,1,20,0.000,16403.040
2009,1,22,9349.165,0.000
2009,1,24,0.000,11651.650
2009,2,3,0.000,6034.720
2009,2,4,0.000,10606.940
2009,2,5,0.000,8334.190
2009,2,6,0.000,10157.630
2009,2,9,0.000,10590.390
2009,2,11,0.000,9215.500
2009,2,12,0.000,10853.090
2009,2,13,0.000,10212.190
2009,2,14,0.000,9979.630
2009,2,15,330.331,0.000
2009,2,17,4343.991,0.000
2009,2,18,0.000,15897.910
2009,2,20,0.000,10090.650
2009,2,22,5820.980,0.000
2009,2,24,0.000,5588.370
2009,3,4,0.000,4718.690
2009,3,5,0.000,2546.410
2009,3,6,0.000,4340.260
2009,3,9,0.000,5097.970
2009,3,11,0.000,3608.610
2009,3,12,0.000,4924.040
2009,3,13,0.000,4671.450
2009,3,14,0.000,4229.400
2009,3,15,0.000,6332.170
2009,3,17,0.000,6842.500
2009,3,18,0.000,11826.430
2009,3,20,0.000,4566.750
2009,3,22,0.000,8052.260
2009,3,24,513.868,0.000
2009,4,5,2599.630,0.000
2009,4,6,558.487,0.000
2009,4,9,1373.672,0.000
2009,4,11,1722.662,0.000
2009,4,12,369.298,0.000
2009,4,13,1180.411,0.000
2009,4,14,830.312,0.000
2009,4,15,0.000,10899.380
2009,4,17,0.000,9864.350
2009,4,18,0.000,8792.970
2009,4,20,1195.206,0.000
2009,4,22,0.000,10368.570
2009,4,24,0.000,5167.580
2009,5,6,2101.664,0.000
2009,5,9,3000.718,0.000
2009,5,11,1256.319,0.000
2009,5,12,2896.406,0.000
2009,5,13,2403.983,0.000
2009,5,14,1959.798,0.000
2009,5,15,0.000,8626.880
2009,5,17,0.000,7996.510
2009,5,18,0.000,10610.200
2009,5,20,2325.272,0.000
2009,5,22,0.000,8804.310
2009,5,24,0.000,2977.470
2009,6,9,1287.118,0.000
2009,6,11,1164.252,0.000
2009,6,12,920.490,0.000
2009,6,13,866.268,0.000
2009,6,14,294.042,0.000
2009,6,15,0.000,10448.110
2009,6,17,0.000,9373.310
2009,6,18,0.000,9278.880
2009,6,20,845.086,0.000
2009,6,22,0.000,9904.000
2009,6,24,0.000,4783.780
2009,9,11,1760.977,0.000
2009,9,12,1614.871,0.000
2009,9,13,597.038,0.000
2009,9,14,1195.373,0.000
2009,9,15,0.000,10867.470
2009,9,17,0.000,9205.980
2009,9,18,0.000,9525.410
2009,9,20,675.446,0.000
2009,9,22,0.000,9509.670
2009,9,24,0.000,5519.330
2009,11,12,2083.010,0.000
2009,11,13,1170.232,0.000
2009,11,14,910.328,0.000
2009,11,15,0.000,9501.370
2009,11,17,0.000,8363.910
2009,11,18,0.000,10276.810
2009,11,20,1089.823,0.000
2009,11,22,0.000,8956.310
2009,11,24,0.000,4028.530
2009,12,13,1513.945,0.000
2009,12,14,1198.547,0.000
2009,12,15,0.000,11146.840
2009,12,17,0.000,10159.980
2009,12,18,0.000,8497.880
2009,12,20,1537.442,0.000
2009,12,22,0.000,10657.420
2009,12,24,0.000,5375.080
2009,13,14,678.252,0.000
2009,13,15,0.000,10492.570
2009,13,17,0.000,8991.360
2009,13,18,0.000,9707.410
2009,13,20,80.638,0.000
2009,13,22,0.000,9382.240
2009,13,24,0.000,5093.840
2009,14,15,0.000,10268.140
2009,14,17,0.000,9122.530
2009,14,18,0.000,9532.560
2009,14,20,635.681,0.000
2009,14,22,0.000,9646.860
2009,14,24,0.000,4667.230
2009,15,17,4377.828,0.000
2009,15,18,0.000,15998.960
2009,15,20,0.000,10370.830
2009,15,22,5791.376,0.000
2009,15,24,0.000,5885.750
2009,17,18,0.000,18603.590
2009,17,20,0.000,8881.900
2009,17,22,1699.483,0.000
2009,17,24,0.000,6549.910
2009,18,20,0.000,9812.220
2009,18,22,0.000,18722.020
2009,18,24,0.000,12145.550
2009,20,22,0.000,9287.450
2009,20,24,0.000,4986.840
2009,22,24,0.000,7808.200
2010,1,2,7284.759,0.000
2010,1,3,0.000,12100.290
2010,1,4,0.000,16818.980
2010,1,5,0.000,14583.130
2010,1,6,0.000,16419.930
2010,1,7,0.000,16724.840
2010,1,9,0.000,16890.100
2010,1,10,0.000,16314.270
2010,1,11,0.000,15524.380
2010,1,12,0.000,17012.810
2010,1,13,0.000,16524.960
2010,1,14,0.000,16268.660
2010,1,15,6966.334,0.000
2010,1,17,9290.222,0.000
2010,1,18,0.000,13093.650
2010,1,22,9349.165,0.000
2010,1,24,0.000,11651.650
2010,1,35,9539.030,0.000
2010,2,3,0.000,6034.720
2010,2,4,0.000,10606.940
2010,2,5,0.000,8334.190
2010,2,6,0.000,10157.630
2010,2,7,0.000,14634.860
2010,2,9,0.000,10590.390
2010,2,10,0.000,9999.530
2010,2,11,0.000,9215.500
2010,2,12,0.000,10853.090
2010,2,13,0.000,10212.190
2010,2,14,0.000,9979.630
2010,2,15,330.331,0.000
2010,2,17,4343.991,0.000
2010,2,18,0.000,15897.910
2010,2,22,5820.980,0.000
2010,2,24,0.000,5588.370
2010,2,35,5031.395,0.000
2010,3,4,0.000,4718.690
2010,3,5,0.000,2546.410
2010,3,6,0.000,4340.260
2010,3,7,0.000,10259.310
2010,3,9,0.000,5097.970
2010,3,10,0.000,4441.350
2010,3,11,0.000,3608.610
2010,3,12,0.000,4924.040
2010,3,13,0.000,4671.450
2010,3,14,0.000,4229.400
2010,3,15,0.000,6332.170
2010,3,17,0.000,6842.500
2010,3,18,0.000,11826.430
2010,3,22,0.000,8052.260
2010,3,24,513.868,0.000
2010,3,35,0.000,7142.770
2010,4,5,2599.630,0.000
2010,4,6,558.487,0.000
2010,4,7,0.000,5911.350
2010,4,9,1373.672,0.000
2010,4,10,1140.980,0.000
2010,4,11,1722.662,0.000
2010,4,12,369.298,0.000
2010,4,13,1180.411,0.000
2010,4,14,830.312,0.000
2010,4,15,0.000,10899.380
2010,4,17,0.000,9864.350
2010,4,18,0.000,8792.970
2010,4,22,0.000,10368.570
2010,4,24,0.000,5167.580
2010,4,35,0.000,9806.350
2010,5,6,2101.664,0.000
2010,5,7,0.000,7749.480
2010,5,9,3000.718,0.000
2010,5,10,2153.009,0.000
2010,5,11,1256.319,0.000
2010,5,12,2896.406,0.000
2010,5,13,2403.983,0.000
2010,5,14,1959.798,0.000
2010,5,15,0.000,8626.880
2010,5,17,0.000,7996.510
2010,5,18,0.000,10610.200
2010,5,22,0.000,8804.310
2010,5,24,0.000,2977.470
2010,5,35,0.000,8071.710
2010,6,7,0.000,6128.790
2010,6,9,1287.118,0.000
2010,6,10,722.250,0.000
2010,6,11,1164.252,0.000
2010,6,12,920.490,0.000
2010,6,13,866.268,0.000
2010,6,14,294.042,0.000
2010,6,15,0.000,10448.110
2010,6,17,0.000,9373.310
2010,6,18,0.000,9278.880
2010,6,22,0.000,9904.000
2010,6,24,0.000,4783.780
2010,6,35,0.000,9324.310
2010,7,9,0.000,5202.640
2010,7,10,0.000,5853.420
2010,7,11,0.000,6669.690
2010,7,12,0.000,5833.880
2010,7,13,0.000,5627.270
2010,7,14,0.000,6160.520
2010,7,15,0.000,14804.070
2010,7,17,0.000,11352.570
2010,7,18,9383.616,0.000
2010,7,22,0.000,10569.760
2010,7,24,0.000,10656.230
2010,7,35,0.000,10842.170
2010,9,10,851.214,0.000
2010,9,11,1760.977,0.000
2010,9,12,1614.871,0.000
2010,9,13,597.038,0.000
2010,9,14,1195.373,0.000
2010,9,15,0.000,10867.470
2010,9,17,0.000,9205.980
2010,9,18,0.000,9525.410
2010,9,22,0.000,9509.670
2010,9,24,0.000,5519.330
2010,9,35,0.000,9058.050
2010,10,11,932.319,0.000
2010,10,12,1498.848,0.000
2010,10,13,256.539,0.000
2010,10,14,478.697,0.000
2010,10,15,0.000,10281.270
2010,10,17,0.000,8859.760
2010,10,18,0.000,9824.070
2010,10,22,0.000,9295.350
2010,10,24,0.000,4863.580
2010,10,35,0.000,8765.790
2010,11,12,2083.010,0.000
2010,11,13,1170.232,0.000
2010,11,14,910.328,0.000
2010,11,15,0.000,9501.370
2010,11,17,0.000,8363.910
2010,11,18,0.000,10276.810
2010,11,22,0.000,8956.310
2010,11,24,0.000,4028.530
2010,11,35,0.000,8337.250
2010,12,13,1513.945,0.000
2010,12,14,1198.547,0.000
2010,12,15,0.000,11146.840
2010,12,17,0.000,10159.980
2010,12,18,0.000,8497.880
2010,12,22,0.000,10657.420
2010,12,24,0.000,5375.080
2010,12,35,0.000,10100.680
2010,13,14,678.252,0.000
2010,13,15,0.000,10492.570
2010,13,17,0.000,8991.360
2010,13,18,0.000,9707.410
2010,13,22,0.000,9382.240
2010,13,24,0.000,5093.840
2010,13,35,0.000,8878.890
2010,14,15,0.000,10268.140
2010,14,17,0.000,9122.530
2010,14,18,0.000,9532.560
2010,14,22,0.000,9646.860
2010,14,24,0.000,4667.230
2010,14,35,0.000,9069.260
2010,15,17,4377.828,0.000
2010,15,18,0.000,15998.960
2010,15,22,5791.376,0.000
2010,15,24,0.000,5885.750
2010,15,35,5051.163,0.000
2010,17,18,0.000,18603.590
2010,17,22,1699.483,0.000
2010,17,24,0.000,6549.910
2010,17,35,706.058,0.000
2010,18,22,0.000,18722.020
2010,18,24,0.000,12145.550
2010,18,35,0.000,18583.450
2010,22,24,0.000,7808.200
2010,22,35,1062.852,0.000
2010,24,35,0.000,6883.030
2011,1,2,7284.759,0.000
2011,1,4,0.000,16818.980
2011,1,5,0.000,14583.130
2011,1,6,0.000,16419.930
2011,1,7,0.000,16724.840
2011,1,9,0.000,16890.100
2011,1,11,0.000,15524.380
2011,1,12,0.000,17012.810
2011,1,13,0.000,16524.960
2011,1,14,0.000,16268.660
2011,1,15,6966.334,0.000
2011,1,17,9290.222,0.000
2011,1,18,0.000,13093.650
2011,1,20,0.000,16403.040
2011,1,22,9349.165,0.000
2011,1,24,0.000,11651.650
2011,1,35,9539.030,0.000
2011,1,68,11689.586,0.000
2011,2,4,0.000,10606.940
2011,2,5,0.000,8334.190
2011,2,6,0.000,10157.630
2011,2,7,0.000,14634.860
2011,2,9,0.000,10590.390
2011,2,11,0.000,9215.500
2011,2,12,0.000,10853.090
2011,2,13,0.000,10212.190
2011,2,14,0.000,9979.630
2011,2,15,330.331,0.000
2011,2,17,4343.991,0.000
2011,2,18,0.000,15897.910
2011,2,20,0.000,10090.650
2011,2,22,5820.980,0.000
2011,2,24,0.000,5588.370
2011,2,35,5031.395,0.000
2011,2,68,4404.980,0.000
2011,4,5,2599.630,0.000
2011,4,6,558.487,0.000
2011,4,7,0.000,5911.350
2011,4,9,1373.672,0.000
2011,4,11,1722.662,0.000
2011,4,12,369.298,0.000
2011,4,13,1180.411,0.000
2011,4,14,830.312,0.000
2011,4,15,0.000,10899.380
2011,4,17,0.000,9864.350
2011,4,18,0.000,8792.970
2011,4,20,1195.206,0.000
2011,4,22,0.000,10368.570
2011,4,24,0.000,5167.580
2011,4,35,0.000,9806.350
2011,4,68,0.000,6773.600
2011,5,6,2101.664,0.000
2011,5,7,0.000,7749.480
2011,5,9,3000.718,0.000
2011,5,11,1256.319,0.000
2011,5,12,2896.406,0.000
2011,5,13,2403.983,0.000
2011,5,14,1959.798,0.000
2011,5,15,0.000,8626.880
2011,5,17,0.000,7996.510
2011,5,18,0.000,10610.200
2011,5,20,2325.272,0.000
2011,5,22,0.000,8804.310
2011,5,24,0.000,2977.470
2011,5,35,0.000,8071.710
2011,5,68,0.000,4516.690
2011,6,7,0.000,6128.790
2011,6,9,1287.118,0.000
2011,6,11,1164.252,0.000
2011,6,12,920.490,0.000
2011,6,13,866.268,0.000
2011,6,14,294.042,0.000
2011,6,15,0.000,10448.110
2011,6,17,0.000,9373.310
2011,6,18,0.000,9278.880
2011,6,20,845.086,0.000
2011,6,22,0.000,9904.000
2011,6,24,0.000,4783.780
2011,6,35,0.000,9324.310
2011,6,68,0.000,6307.920
2011,7,9,0.000,5202.640
2011,7,11,0.000,6669.690
2011,7,12,0.000,5833.880
2011,7,13,0.000,5627.270
2011,7,14,0.000,6160.520
2011,7,15,0.000,14804.070
2011,7,17,0.000,11352.570
2011,7,18,9383.616,0.000
2011,7,20,0.000,5721.810
2011,7,22,0.000,10569.760
2011,7,24,0.000,10656.230
2011,7,35,0.000,10842.170
2011,7,68,0.000,11270.750
2011,9,11,1760.977,0.000
2011,9,12,1614.871,0.000
2011,9,13,597.038,0.000
2011,9,14,1195.373,0.000
2011,9,15,0.000,10867.470
2011,9,17,0.000,9205.980
2011,9,18,0.000,9525.410
2011,9,20,675.446,0.000
2011,9,22,0.000,9509.670
2011,9,24,0.000,5519.330
2011,9,35,0.000,9058.050
2011,9,68,0.000,6717.300
2011,11,12,2083.010,0.000
2011,11,13,1170.232,0.000
2011,11,14,910.328,0.000
2011,11,15,0.000,9501.370
2011,11,17,0.000,8363.910
2011,11,18,0.000,10276.810
2011,11,20,1089.823,0.000
2011,11,22,0.000,8956.310
2011,11,24,0.000,4028.530
2011,11,35,0.000,8337.250
2011,11,68,0.000,5344.160
2011,12,13,1513.945,0.000
2011,12,14,1198.547,0.000
2011,12,15,0.000,11146.840
2011,12,17,0.000,10159.980
2011,12,18,0.000,8497.880
2011,12,20,1537.442,0.000
2011,12,22,0.000,10657.420
2011,12,24,0.000,5375.080
2011,12,35,0.000,10100.680
2011,12,68,0.000,7035.120
2011,13,14,678.252,0.000
2011,13,15,0.000,10492.570
2011,13,17,0.000,8991.360
2011,13,18,0.000,9707.410
2011,13,20,80.638,0.000
2011,13,22,0.000,9382.240
2011,13,24,0.000,5093.840
2011,13,35,0.000,8878.890
2011,13,68,0.000,6335.580
2011,14,15,0.000,10268.140
2011,14,17,0.000,9122.530
2011,14,18,0.000,9532.560
2011,14,20,635.681,0.000
2011,14,22,0.000,9646.860
2011,14,24,0.000,4667.230
2011,14,35,0.000,9069.260
2011,14,68,0.000,6117.900
2011,15,17,4377.828,0.000
2011,15,18,0.000,15998.960
2011,15,20,0.000,10370.830
2011,15,22,5791.376,0.000
2011,15,24,0.000,5885.750
2011,15,35,5051.163,0.000
2011,15,68,4723.672,0.000
2011,17,18,0.000,18603.590
2011,17,20,0.000,8881.900
2011,17,22,1699.483,0.000
2011,17,24,0.000,6549.910
2011,17,35,706.058,0.000
2011,17,68,4829.301,0.000
2011,18,20,0.000,9812.220
2011,18,22,0.000,18722.020
2011,18,24,0.000,12145.550
2011,18,35,0.000,18583.450
2011,18,68,0.000,14422.140
2011,20,22,0.000,9287.450
2011,20,24,0.000,4986.840
2011,20,35,0.000,8775.070
2011,20,68,0.000,6214.150
2011,22,24,0.000,7808.200
2011,22,35,1062.852,0.000
2011,22,68,6389.644,0.000
2011,24,35,0.000,6883.030
2011,24,68,0.000,2277.390
2011,35,68,5337.777,0.000
2012,1,2,7284.759,0.000
2012,1,3,0.000,12100.290
2012,1,4,0.000,16818.980
2012,1,6,0.000,16419.930
2012,1,7,0.000,16724.840
2012,1,9,0.000,16890.100
2012,1,10,0.000,16314.270
2012,1,11,0.000,15524.380
2012,1,12,0.000,17012.810
2012,1,13,0.000,16524.960
2012,1,14,0.000,16268.660
2012,1,15,6966.334,0.000
2012,1,17,9290.222,0.000
2012,1,18,0.000,13093.650
2012,1,22,9349.165,0.000
2012,1,24,0.000,11651.650
2012,1,35,9539.030,0.000
2012,1,68,11689.586,0.000
2012,1,69,0.000,14293.550
2012,2,3,0.000,6034.720
2012,2,4,0.000,10606.940
2012,2,6,0.000,10157.630
2012,2,7,0.000,14634.860
2012,2,9,0.000,10590.390
2012,2,10,0.000,9999.530
2012,2,11,0.000,9215.500
2012,2,12,0.000,10853.090
2012,2,13,0.000,10212.190
2012,2,14,0.000,9979.630
2012,2,15,330.331,0.000
2012,2,17,4343.991,0.000
2012,2,18,0.000,15897.910
2012,2,22,5820.980,0.000
2012,2,24,0.000,5588.370
2012,2,35,5031.395,0.000
2012,2,68,4404.980,0.000
2012,2,69,0.000,15813.660
2012,3,4,0.000,4718.690
2012,3,6,0.000,4340.260
2012,3,7,0.000,10259.310
2012,3,9,0.000,5097.970
2012,3,10,0.000,4441.350
2012,3,11,0.000,3608.610
2012,3,12,0.000,4924.040
2012,3,13,0.000,4671.450
2012,3,14,0.000,4229.400
2012,3,15,0.000,6332.170
2012,3,17,0.000,6842.500
2012,3,18,0.000,11826.430
2012,3,22,0.000,8052.260
2012,3,24,513.868,0.000
2012,3,35,0.000,7142.770
2012,3,68,0.000,2619.780
2012,3,69,0.000,12887.750
2012,4,6,558.487,0.000
2012,4,7,0.000,5911.350
2012,4,9,1373.672,0.000
2012,4,10,1140.980,0.000
2012,4,11,1722.662,0.000
2012,4,12,369.298,0.000
2012,4,13,1180.411,0.000
2012,4,14,830.312,0.000
2012,4,15,0.000,10899.380
2012,4,17,0.000,9864.350
2012,4,18,0.000,8792.970
2012,4,22,0.000,10368.570
2012,4,24,0.000,5167.580
2012,4,35,0.000,9806.350
2012,4,68,0.000,6773.600
2012,4,69,0.000,8581.500
2012,6,7,0.000,6128.790
2012,6,9,1287.118,0.000
2012,6,10,722.250,0.000
2012,6,11,1164.252,0.000
2012,6,12,920.490,0.000
2012,6,13,866.268,0.000
2012,6,14,294.042,0.000
2012,6,15,0.000,10448.110
2012,6,17,0.000,9373.310
2012,6,18,0.000,9278.880
2012,6,22,0.000,9904.000
2012,6,24,0.000,4783.780
2012,6,35,0.000,9324.310
2012,6,68,0.000,6307.920
2012,6,69,0.000,8811.910
2012,7,9,0.000,5202.640
2012,7,10,0.000,5853.420
2012,7,11,0.000,6669.690
2012,7,12,0.000,5833.880
2012,7,13,0.000,5627.270
2012,7,14,0.000,6160.520
2012,7,15,0.000,14804.070
2012,7,17,0.000,11352.570
2012,7,18,9383.616,0.000
2012,7,22,0.000,10569.760
2012,7,24,0.000,10656.230
2012,7,35,0.000,10842.170
2012,7,68,0.000,11270.750
2012,7,69,3108.664,0.000
2012,9,10,851.214,0.000
2012,9,11,1760.977,0.000
2012,9,12,1614.871,0.000
2012,9,13,597.038,0.000
2012,9,14,1195.373,0.000
2012,9,15,0.000,10867.470
2012,9,17,0.000,9205.980
2012,9,18,0.000,9525.410
2012,9,22,0.000,9509.670
2012,9,24,0.000,5519.330
2012,9,35,0.000,9058.050
2012,9,68,0.000,6717.300
2012,9,69,0.000,7879.640
2012,10,11,932.319,0.000
2012,10,12,1498.848,0.000
2012,10,13,256.539,0.000
2012,10,14,478.697,0.000
2012,10,15,0.000,10281.270
2012,10,17,0.000,8859.760
2012,10,18,0.000,9824.070
2012,10,22,0.000,9295.350
2012,10,24,0.000,4863.580
2012,10,35,0.000,8765.790
2012,10,68,0.000,6122.630
2012,10,69,0.000,8526.460
2012,11,12,2083.010,0.000
2012,11,13,1170.232,0.000
2012,11,14,910.328,0.000
2012,11,15,0.000,9501.370
2012,11,17,0.000,8363.910
2012,11,18,0.000,10276.810
2012,11,22,0.000,8956.310
2012,11,24,0.000,4028.530
2012,11,35,0.000,8337.250
2012,11,68,0.000,5344.160
2012,11,69,0.000,9332.930
2012,12,13,1513.945,0.000
2012,12,14,1198.547,0.000
2012,12,15,0.000,11146.840
2012,12,17,0.000,10159.980
2012,12,18,0.000,8497.880
2012,12,22,0.000,10657.420
2012,12,24,0.000,5375.080
2012,12,35,0.000,10100.680
2012,12,68,0.000,7035.120
2012,12,69,0.000,8487.250
2012,13,14,678.252,0.000
2012,13,15,0.000,10492.570
2012,13,17,0.000,8991.360
2012,13,18,0.000,9707.410
2012,13,22,0.000,9382.240
2012,13,24,0.000,5093.840
2012,13,35,0.000,8878.890
2012,13,68,0.000,6335.580
2012,13,69,0.000,8302.270
2012,14,15,0.000,10268.140
2012,14,17,0.000,9122.530
2012,14,18,0.000,9532.560
2012,14,22,0.000,9646.860
2012,14,24,0.000,4667.230
2012,14,35,0.000,9069.260
2012,14,68,0.000,6117.900
2012,14,69,0.000,8843.940
2012,15,17,4377.828,0.000
2012,15,18,0.000,15998.960
2012,15,22,5791.376,0.000
2012,15,24,0.000,5885.750
2012,15,35,5051.163,0.000
2012,15,68,4723.672,0.000
2012,15,69,0.000,15822.770
2012,17,18,0.000,18603.590
2012,17,22,1699.483,0.000
2012,17,24,0.000,6549.910
2012,17,35,706.058,0.000
2012,17,68,4829.301,0.000
2012,17,69,0.000,12021.720
2012,18,22,0.000,18722.020
2012,18,24,0.000,12145.550
2012,18,35,0.000,18583.450
2012,18,68,0.000,14422.140
2012,18,69,9297.946,0.000
2012,22,24,0.000,7808.200
2012,22,35,1062.852,0.000
2012,22,68,6389.644,0.000
2012,22,69,0.000,10803.790
2012,24,35,0.000,6883.030
2012,24,68,0.000,2277.390
2012,24,69,0.000,13261.580
2012,35,68,5337.777,0.000
2012,35,69,0.000,11423.930
2012,68,69,0.000,13457.670
2013,1,2,7284.759,0.000
2013,1,3,0.000,12100.290
2013,1,4,0.000,16818.980
2013,1,6,0.000,16419.930
2013,1,7,0.000,16724.840
2013,1,9,0.000,16890.100
2013,1,11,0.000,15524.380
2013,1,13,0.000,16524.960
2013,1,14,0.000,16268.660
2013,1,15,6966.334,0.000
2013,1,17,9290.222,0.000
2013,1,18,0.000,13093.650
2013,1,20,0.000,16403.040
2013,1,22,9349.165,0.000
2013,1,24,0.000,11651.650
2013,1,35,9539.030,0.000
2013,1,68,11689.586,0.000
2013,1,69,0.000,14293.550
2013,2,3,0.000,6034.720
2013,2,4,0.000,10606.940
2013,2,6,0.000,10157.630
2013,2,7,0.000,14634.860
2013,2,9,0.000,10590.390
2013,2,11,0.000,9215.500
2013,2,13,0.000,10212.190
2013,2,14,0.000,9979.630
2013,2,15,330.331,0.000
2013,2,17,4343.991,0.000
2013,2,18,0.000,15897.910
2013,2,20,0.000,10090.650
2013,2,22,5820.980,0.000
2013,2,24,0.000,5588.370
2013,2,35,5031.395,0.000
2013,2,68,4404.980,0.000
2013,2,69,0.000,15813.660
2013,3,4,0.000,4718.690
2013,3,6,0.000,4340.260
2013,3,7,0.000,10259.310
2013,3,9,0.000,5097.970
2013,3,11,0.000,3608.610
2013,3,13,0.000,4671.450
2013,3,14,0.000,4229.400
2013,3,15,0.000,6332.170
2013,3,17,0.000,6842.500
2013,3,18,0.000,11826.430
2013,3,20,0.000,4566.750
2013,3,22,0.000,8052.260
2013,3,24,513.868,0.000
2013,3,35,0.000,7142.770
2013,3,68,0.000,2619.780
2013,3,69,0.000,12887.750
2013,4,6,558.487,0.000
2013,4,7,0.000,5911.350
2013,4,9,1373.672,0.000
2013,4,11,1722.662,0.000
2013,4,13,1180.411,0.000
2013,4,14,830.312,0.000
2013,4,15,0.000,10899.380
2013,4,17,0.000,9864.350
2013,4,18,0.000,8792.970
2013,4,20,1195.206,0.000
2013,4,22,0.000,10368.570
2013,4,24,0.000,5167.580
2013,4,35,0.000,9806.350
2013,4,68,0.000,6773.600
2013,4,69,0.000,8581.500
2013,6,7,0.000,6128.790
2013,6,9,1287.118,0.000
2013,6,11,1164.252,0.000
2013,6,13,866.268,0.000
2013,6,14,294.042,0.000
2013,6,15,0.000,10448.110
2013,6,17,0.000,9373.310
2013,6,18,0.000,9278.880
2013,6,20,845.086,0.000
2013,6,22,0.000,9904.000
2013,6,24,0.000,4783.780
2013,6,35,0.000,9324.310
2013,6,68,0.000,6307.920
2013,6,69,0.000,8811.910
2013,7,9,0.000,5202.640
2013,7,11,0.000,6669.690
2013,7,13,0.000,5627.270
2013,7,14,0.000,6160.520
2013,7,15,0.000,14804.070
2013,7,17,0.000,11352.570
2013,7,18,9383.616,0.000
2013,7,20,0.000,5721.810
2013,7,22,0.000,10569.760
2013,7,24,0.000,10656.230
2013,7,35,0.000,10842.170
2013,7,68,0.000,11270.750
2013,7,69,3108.664,0.000
2013,9,11,1760.977,0.000
2013,9,13,597.038,0.000
2013,9,14,1195.373,0.000
2013,9,15,0.000,10867.470
2013,9,17,0.000,9205.980
2013,9,18,0.000,9525.410
2013,9,20,675.446,0.000
2013,9,22,0.000,9509.670
2013,9,24,0.000,5519.330
2013,9,35,0.000,9058.050
2013,9,68,0.000,6717.300
2013,9,69,0.000,7879.640
2013,11,13,1170.232,0.000
2013,11,14,910.328,0.000
2013,11,15,0.000,9501.370
2013,11,17,0.000,8363.910
2013,11,18,0.000,10276.810
2013,11,20,1089.823,0.000
2013,11,22,0.000,8956.310
2013,11,24,0.000,4028.530
2013,11,35,0.000,8337.250
2013,11,68,0.000,5344.160
2013,11,69,0.000,9332.930
2013,13,14,678.252,0.000
2013,13,15,0.000,10492.570
2013,13,17,0.000,8991.360
2013,13,18,0.000,9707.410
2013,13,20,80.638,0.000
2013,13,22,0.000,9382.240
2013,13,24,0.000,5093.840
2013,13,35,0.000,8878.890
2013,13,68,0.000,6335.580
2013,13,69,0.000,8302.270
2013,14,15,0.000,10268.140
2013,14,17,0.000,9122.530
2013,14,18,0.000,9532.560
2013,14,20,635.681,0.000
2013,14,22,0.000,9646.860
2013,14,24,0.000,4667.230
2013,14,35,0.000,9069.260
2013,14,68,0.000,6117.900
2013,14,69,0.000,8843.940
2013,15,17,4377.828,0.000
2013,15,18,0.000,15998.960
2013,15,20,0.000,10370.830
2013,15,22,5791.376,0.000
2013,15,24,0.000,5885.750
2013,15,35,5051.163,0.000
2013,15,68,4723.672,0.000
2013,15,69,0.000,15822.770
2013,17,18,0.000,18603.590
2013,17,20,0.000,8881.900
2013,17,22,1699.483,0.000
2013,17,24,0.000,6549.910
2013,17,35,706.058,0.000
2013,17,68,4829.301,0.000
2013,17,69,0.000,12021.720
2013,18,20,0.000,9812.220
2013,18,22,0.000,18722.020
2013,18,24,0.000,12145.550
2013,18,35,0.000,18583.450
2013,18,68,0.000,14422.140
2013,18,69,9297.946,0.000
2013,20,22,0.000,9287.450
2013,20,24,0.000,4986.840
2013,20,35,0.000,8775.070
2013,20,68,0.000,6214.150
2013,20,69,0.000,8393.440
2013,22,24,0.000,7808.200
2013,22,35,1062.852,0.000
2013,22,68,6389.644,0.000
2013,22,69,0.000,10803.790
2013,24,35,0.000,6883.030
2013,24,68,0.000,2277.390
2013,24,69,0.000,13261.580
2013,35,68,5337.777,0.000
2013,35,69,0.000,11423.930
2013,68,69,0.000,13457.670
2014,1,2,7284.759,0.000
2014,1,3,0.000,12100.290
2014,1,4,0.000,16818.980
2014,1,6,0.000,16419.930
2014,1,7,0.000,16724.840
2014,1,9,0.000,16890.100
2014,1,10,0.000,16314.270
2014,1,11,0.000,15524.380
2014,1,13,0.000,16524.960
2014,1,14,0.000,16268.660
2014,1,15,6966.334,0.000
2014,1,17,9290.222,0.000
2014,1,18,0.000,13093.650
2014,1,22,9349.165,0.000
2014,1,24,0.000,11651.650
2014,1,69,0.000,14293.550
2014,1,70,0.000,15806.380
2014,1,71,0.000,13855.530
2014,2,3,0.000,6034.720
2014,2,4,0.000,10606.940
2014,2,6,0.000,10157.630
2014,2,7,0.000,14634.860
2014,2,9,0.000,10590.390
2014,2,10,0.000,9999.530
2014,2,11,0.000,9215.500
2014,2,13,0.000,10212.190
2014,2,14,0.000,9979.630
2014,2,15,330.331,0.000
2014,2,17,4343.991,0.000
2014,2,18,0.000,15897.910
2014,2,22,5820.980,0.000
2014,2,24,0.000,5588.370
2014,2,69,0.000,15813.660
2014,2,70,0.000,9501.490
2014,2,71,0.000,7550.790
2014,3,4,0.000,4718.690
2014,3,6,0.000,4340.260
2014,3,7,0.000,10259.310
2014,3,9,0.000,5097.970
2014,3,10,0.000,4441.350
2014,3,11,0.000,3608.610
2014,3,13,0.000,4671.450
2014,3,14,0.000,4229.400
2014,3,15,0.000,6332.170
2014,3,17,0.000,6842.500
2014,3,18,0.000,11826.430
2014,3,22,0.000,8052.260
2014,3,24,513.868,0.000
2014,3,69,0.000,12887.750
2014,3,70,0.000,3843.140
2014,3,71,0.000,2139.990
2014,4,6,558.487,0.000
2014,4,7,0.000,5911.350
2014,4,9,1373.672,0.000
2014,4,10,1140.980,0.000
2014,4,11,1722.662,0.000
2014,4,13,1180.411,0.000
2014,4,14,830.312,0.000
2014,4,15,0.000,10899.380
2014,4,17,0.000,9864.350
2014,4,18,0.000,8792.970
2014,4,22,0.000,10368.570
2014,4,24,0.000,5167.580
2014,4,69,0.000,8581.500
2014,4,70,1349.264,0.000
2014,4,71,3532.084,0.000
2014,6,7,0.000,6128.790
2014,6,9,1287.118,0.000
2014,6,10,722.250,0.000
2014,6,11,1164.252,0.000
2014,6,13,866.268,0.000
2014,6,14,294.042,0.000
2014,6,15,0.000,10448.110
2014,6,17,0.000,9373.310
2014,6,18,0.000,9278.880
2014,6,22,0.000,9904.000
2014,6,24,0.000,4783.780
2014,6,69,0.000,8811.910
2014,6,70,794.594,0.000
2014,6,71,2995.280,0.000
2014,7,9,0.000,5202.640
2014,7,10,0.000,5853.420
2014,7,11,0.000,6669.690
2014,7,13,0.000,5627.270
2014,7,14,0.000,6160.520
2014,7,15,0.000,14804.070
2014,7,17,0.000,11352.570
2014,7,18,9383.616,0.000
2014,7,22,0.000,10569.760
2014,7,24,0.000,10656.230
2014,7,69,3108.664,0.000
2014,7,70,0.000,6462.650
2014,7,71,0.000,8161.930
2014,9,10,851.214,0.000
2014,9,11,1760.977,0.000
2014,9,13,597.038,0.000
2014,9,14,1195.373,0.000
2014,9,15,0.000,10867.470
2014,9,17,0.000,9205.980
2014,9,18,0.000,9525.410
2014,9,22,0.000,9509.670
2014,9,24,0.000,5519.330
2014,9,69,0.000,7879.640
2014,9,70,1442.836,0.000
2014,9,71,3638.942,0.000
2014,10,11,932.319,0.000
2014,10,13,256.539,0.000
2014,10,14,478.697,0.000
2014,10,15,0.000,10281.270
2014,10,17,0.000,8859.760
2014,10,18,0.000,9824.070
2014,10,22,0.000,9295.350
2014,10,24,0.000,4863.580
2014,10,69,0.000,8526.460
2014,10,70,592.209,0.000
2014,10,71,2848.769,0.000
2014,11,13,1170.232,0.000
2014,11,14,910.328,0.000
2014,11,15,0.000,9501.370
2014,11,17,0.000,8363.910
2014,11,18,0.000,10276.810
2014,11,22,0.000,8956.310
2014,11,24,0.000,4028.530
2014,11,69,0.000,9332.930
2014,11,70,390.761,0.000
2014,11,71,1924.973,0.000
2014,13,14,678.252,0.000
2014,13,15,0.000,10492.570
2014,13,17,0.000,8991.360
2014,13,18,0.000,9707.410
2014,13,22,0.000,9382.240
2014,13,24,0.000,5093.840
2014,13,69,0.000,8302.270
2014,13,70,846.113,0.000
2014,13,71,3071.039,0.000
2014,14,15,0.000,10268.140
2014,14,17,0.000,9122.530
2014,14,18,0.000,9532.560
2014,14,22,0.000,9646.860
2014,14,24,0.000,4667.230
2014,14,69,0.000,8843.940
2014,14,70,524.979,0.000
2014,14,71,2794.410,0.000
2014,15,17,4377.828,0.000
2014,15,18,0.000,15998.960
2014,15,22,5791.376,0.000
2014,15,24,0.000,5885.750
2014,15,69,0.000,15822.770
2014,15,70,0.000,9788.120
2014,15,71,0.000,7838.360
2014,17,18,0.000,18603.590
2014,17,22,1699.483,0.000
2014,17,24,0.000,6549.910
2014,17,69,0.000,12021.720
2014,17,70,0.000,8635.520
2014,17,71,0.000,7078.090
2014,18,22,0.000,18722.020
2014,18,24,0.000,12145.550
2014,18,69,9297.946,0.000
2014,18,70,0.000,10011.330
2014,18,71,0.000,11527.510
2014,22,24,0.000,7808.200
2014,22,69,0.000,10803.790
2014,22,70,0.000,9198.710
2014,22,71,0.000,7918.650
2014,24,69,0.000,13261.580
2014,24,70,0.000,4270.360
2014,24,71,0.000,2503.150
2014,69,70,0.000,9135.990
2014,69,71,0.000,10759.020
2014,70,71,2306.653,0.000
2015,1,2,7284.759,0.000
2015,1,3,0.000,12100.290
2015,1,4,0.000,16818.980
2015,1,6,0.000,16419.930
2015,1,7,0.000,16724.840
2015,1,9,0.000,16890.100
2015,1,11,0.000,15524.380
2015,1,13,0.000,16524.960
2015,1,14,0.000,16268.660
2015,1,15,6966.334,0.000
2015,1,17,9290.222,0.000
2015,1,18,0.000,13093.650
2015,1,22,9349.165,0.000
2015,1,24,0.000,11651.650
2015,1,32,0.000,13578.140
2015,1,69,0.000,14293.550
2015,1,70,0.000,15806.380
2015,1,71,0.000,13855.530
2015,2,3,0.000,6034.720
2015,2,4,0.000,10606.940
2015,2,6,0.000,10157.630
2015,2,7,0.000,14634.860
2015,2,9,0.000,10590.390
2015,2,11,0.000,9215.500
2015,2,13,0.000,10212.190
2015,2,14,0.000,9979.630
2015,2,15,330.331,0.000
2015,2,17,4343.991,0.000
2015,2,18,0.000,15897.910
2015,2,22,5820.980,0.000
2015,2,24,0.000,5588.370
2015,2,32,0.000,16662.450
2015,2,69,0.000,15813.660
2015,2,70,0.000,9501.490
2015,2,71,0.000,7550.790
2015,3,4,0.000,4718.690
2015,3,6,0.000,4340.260
2015,3,7,0.000,10259.310
2015,3,9,0.000,5097.970
2015,3,11,0.000,3608.610
2015,3,13,0.000,4671.450
2015,3,14,0.000,4229.400
2015,3,15,0.000,6332.170
2015,3,17,0.000,6842.500
2015,3,18,0.000,11826.430
2015,3,22,0.000,8052.260
2015,3,24,513.868,0.000
2015,3,32,0.000,13971.820
2015,3,69,0.000,12887.750
2015,3,70,0.000,3843.140
2015,3,71,0.000,2139.990
2015,4,6,558.487,0.000
2015,4,7,0.000,5911.350
2015,4,9,1373.672,0.000
2015,4,11,1722.662,0.000
2015,4,13,1180.411,0.000
2015,4,14,830.312,0.000
2015,4,15,0.000,10899.380
2015,4,17,0.000,9864.350
2015,4,18,0.000,8792.970
2015,4,22,0.000,10368.570
2015,4,24,0.000,5167.580
2015,4,32,0.000,9480.720
2015,4,69,0.000,8581.500
2015,4,70,1349.264,0.000
2015,4,71,3532.084,0.000
2015,6,7,0.000,6128.790
2015,6,9,1287.118,0.000
2015,6,11,1164.252,0.000
2015,6,13,866.268,0.000
2015,6,14,294.042,0.000
2015,6,15,0.000,10448.110
2015,6,17,0.000,9373.310
2015,6,18,0.000,9278.880
2015,6,22,0.000,9904.000
2015,6,24,0.000,4783.780
2015,6,32,0.000,9762.980
2015,6,69,0.000,8811.910
2015,6,70,794.594,0.000
2015,6,71,2995.280,0.000
2015,7,9,0.000,5202.640
2015,7,11,0.000,6669.690
2015,7,13,0.000,5627.270
2015,7,14,0.000,6160.520
2015,7,15,0.000,14804.070
2015,7,17,0.000,11352.570
2015,7,18,9383.616,0.000
2015,7,22,0.000,10569.760
2015,7,24,0.000,10656.230
2015,7,32,4291.269,0.000
2015,7,69,3108.664,0.000
2015,7,70,0.000,6462.650
2015,7,71,0.000,8161.930
2015,9,11,1760.977,0.000
2015,9,13,597.038,0.000
2015,9,14,1195.373,0.000
2015,9,15,0.000,10867.470
2015,9,17,0.000,9205.980
2015,9,18,0.000,9525.410
2015,9,22,0.000,9509.670
2015,9,24,0.000,5519.330
2015,9,32,0.000,8895.470
2015,9,69,0.000,7879.640
2015,9,70,1442.836,0.000
2015,9,71,3638.942,0.000
2015,11,13,1170.232,0.000
2015,11,14,910.328,0.000
2015,11,15,0.000,9501.370
2015,11,17,0.000,8363.910
2015,11,18,0.000,10276.810
2015,11,22,0.000,8956.310
2015,11,24,0.000,4028.530
2015,11,32,0.000,10374.610
2015,11,69,0.000,9332.930
2015,11,70,390.761,0.000
2015,11,71,1924.973,0.000
2015,13,14,678.252,0.000
2015,13,15,0.000,10492.570
2015,13,17,0.000,8991.360
2015,13,18,0.000,9707.410
2015,13,22,0.000,9382.240
2015,13,24,0.000,5093.840
2015,13,32,0.000,9322.180
2015,13,69,0.000,8302.270
2015,13,70,846.113,0.000
2015,13,71,3071.039,0.000
2015,14,15,0.000,10268.140
2015,14,17,0.000,9122.530
2015,14,18,0.000,9532.560
2015,14,22,0.000,9646.860
2015,14,24,0.000,4667.230
2015,14,32,0.000,9823.770
2015,14,69,0.000,8843.940
2015,14,70,524.979,0.000
2015,14,71,2794.410,0.000
2015,15,17,4377.828,0.000
2015,15,18,0.000,15998.960
2015,15,22,5791.376,0.000
2015,15,24,0.000,5885.750
2015,15,32,0.000,16597.500
2015,15,69,0.000,15822.770
2015,15,70,0.000,9788.120
2015,15,71,0.000,7838.360
2015,17,18,0.000,18603.590
2015,17,22,1699.483,0.000
2015,17,24,0.000,6549.910
2015,17,32,0.000,12897.150
2015,17,69,0.000,12021.720
2015,17,70,0.000,8635.520
2015,17,71,0.000,7078.090
2015,18,22,0.000,18722.020
2015,18,24,0.000,12145.550
2015,18,32,8545.617,0.000
2015,18,69,9297.946,0.000
2015,18,70,0.000,10011.330
2015,18,71,0.000,11527.510
2015,22,24,0.000,7808.200
2015,22,32,0.000,11577.220
2015,22,69,0.000,10803.790
2015,22,70,0.000,9198.710
2015,22,71,0.000,7918.650
2015,24,32,0.000,14367.820
2015,24,69,0.000,13261.580
2015,24,70,0.000,4270.360
2015,24,71,0.000,2503.150
2015,32,69,1382.148,0.000
2015,32,70,0.000,10157.520
2015,32,71,0.000,11869.130
2015,69,70,0.000,9135.990
2015,69,71,0.000,10759.020
2015,70,71,2306.653,0.000
2016,1,2,7284.759,0.000
2016,1,3,0.000,12100.290
2016,1,4,0.000,16818.980
2016,1,6,0.000,16419.930
2016,1,7,0.000,16724.840
2016,1,9,0.000,16890.100
2016,1,10,0.000,16314.270
2016,1,11,0.000,15524.380
2016,1,13,0.000,16524.960
2016,1,14,0.000,16268.660
2016,1,15,6966.334,0.000
2016,1,17,9290.222,0.000
2016,1,18,0.000,13093.650
2016,1,22,9349.165,0.000
2016,1,24,0.000,11651.650
2016,1,32,0.000,13578.140
2016,1,69,0.000,14293.550
2016,1,70,0.000,15806.380
2016,1,71,0.000,13855.530
2016,1,73,0.000,12959.920
2016,2,3,0.000,6034.720
2016,2,4,0.000,10606.940
2016,2,6,0.000,10157.630
2016,2,7,0.000,14634.860
2016,2,9,0.000,10590.390
2016,2,10,0.000,9999.530
2016,2,11,0.000,9215.500
2016,2,13,0.000,10212.190
2016,2,14,0.000,9979.630
2016,2,15,330.331,0.000
2016,2,17,4343.991,0.000
2016,2,18,0.000,15897.910
2016,2,22,5820.980,0.000
2016,2,24,0.000,5588.370
2016,2,32,0.000,16662.450
2016,2,69,0.000,15813.660
2016,2,70,0.000,9501.490
2016,2,71,0.000,7550.790
2016,2,73,0.000,6653.720
2016,3,4,0.000,4718.690
2016,3,6,0.000,4340.260
2016,3,7,0.000,10259.310
2016,3,9,0.000,5097.970
2016,3,10,0.000,4441.350
2016,3,11,0.000,3608.610
2016,3,13,0.000,4671.450
2016,3,14,0.000,4229.400
2016,3,15,0.000,6332.170
2016,3,17,0.000,6842.500
2016,3,18,0.000,11826.430
2016,3,22,0.000,8052.260
2016,3,24,513.868,0.000
2016,3,32,0.000,13971.820
2016,3,69,0.000,12887.750
2016,3,70,0.000,3843.140
2016,3,71,0.000,2139.990
2016,3,73,0.000,1579.530
2016,4,6,558.487,0.000
2016,4,7,0.000,5911.350
2016,4,9,1373.672,0.000
2016,4,10,1140.980,0.000
2016,4,11,1722.662,0.000
2016,4,13,1180.411,0.000
2016,4,14,830.312,0.000
2016,4,15,0.000,10899.380
2016,4,17,0.000,9864.350
2016,4,18,0.000,8792.970
2016,4,22,0.000,10368.570
2016,4,24,0.000,5167.580
2016,4,32,0.000,9480.720
2016,4,69,0.000,8581.500
2016,4,70,1349.264,0.000
2016,4,71,3532.084,0.000
2016,4,73,4538.470,0.000
2016,6,7,0.000,6128.790
2016,6,9,1287.118,0.000
2016,6,10,722.250,0.000
2016,6,11,1164.252,0.000
2016,6,13,866.268,0.000
2016,6,14,294.042,0.000
2016,6,15,0.000,10448.110
2016,6,17,0.000,9373.310
2016,6,18,0.000,9278.880
2016,6,22,0.000,9904.000
2016,6,24,0.000,4783.780
2016,6,32,0.000,9762.980
2016,6,69,0.000,8811.910
2016,6,70,794.594,0.000
2016,6,71,2995.280,0.000
2016,6,73,4007.614,0.000
2016,7,9,0.000,5202.640
2016,7,10,0.000,5853.420
2016,7,11,0.000,6669.690
2016,7,13,0.000,5627.270
2016,7,14,0.000,6160.520
2016,7,15,0.000,14804.070
2016,7,17,0.000,11352.570
2016,7,18,9383.616,0.000
2016,7,22,0.000,10569.760
2016,7,24,0.000,10656.230
2016,7,32,4291.269,0.000
2016,7,69,3108.664,0.000
2016,7,70,0.000,6462.650
2016,7,71,0.000,8161.930
2016,7,73,0.000,8945.140
2016,9,10,851.214,0.000
2016,9,11,1760.977,0.000
2016,9,13,597.038,0.000
2016,9,14,1195.373,0.000
2016,9,15,0.000,10867.470
2016,9,17,0.000,9205.980
2016,9,18,0.000,9525.410
2016,9,22,0.000,9509.670
2016,9,24,0.000,5519.330
2016,9,32,0.000,8895.470
2016,9,69,0.000,7879.640
2016,9,70,1442.836,0.000
2016,9,71,3638.942,0.000
2016,9,73,4635.174,0.000
2016,10,11,932.319,0.000
2016,10,13,256.539,0.000
2016,10,14,478.697,0.000
2016,10,15,0.000,10281.270
2016,10,17,0.000,8859.760
2016,10,18,0.000,9824.070
2016,10,22,0.000,9295.350
2016,10,24,0.000,4863.580
2016,10,32,0.000,9550.540
2016,10,69,0.000,8526.460
2016,10,70,592.209,0.000
2016,10,71,2848.769,0.000
2016,10,73,3860.277,0.000
2016,11,13,1170.232,0.000
2016,11,14,910.328,0.000
2016,11,15,0.000,9501.370
2016,11,17,0.000,8363.910
2016,11,18,0.000,10276.810
2016,11,22,0.000,8956.310
2016,11,24,0.000,4028.530
2016,11,32,0.000,10374.610
2016,11,69,0.000,9332.930
2016,11,70,390.761,0.000
2016,11,71,1924.973,0.000
2016,11,73,2940.986,0.000
2016,13,14,678.252,0.000
2016,13,15,0.000,10492.570
2016,13,17,0.000,8991.360
2016,13,18,0.000,9707.410
2016,13,22,0.000,9382.240
2016,13,24,0.000,5093.840
2016,13,32,0.000,9322.180
2016,13,69,0.000,8302.270
2016,13,70,846.113,0.000
2016,13,71,3071.039,0.000
2016,13,73,4077.163,0.000
2016,14,15,0.000,10268.140
2016,14,17,0.000,9122.530
2016,14,18,0.000,9532.560
2016,14,22,0.000,9646.860
2016,14,24,0.000,4667.230
2016,14,32,0.000,9823.770
2016,14,69,0.000,8843.940
2016,14,70,524.979,0.000
2016,14,71,2794.410,0.000
2016,14,73,3811.580,0.000
2016,15,17,4377.828,0.000
2016,15,18,0.000,15998.960
2016,15,22,5791.376,0.000
2016,15,24,0.000,5885.750
2016,15,32,0.000,16597.500
2016,15,69,0.000,15822.770
2016,15,70,0.000,9788.120
2016,15,71,0.000,7838.360
2016,15,73,0.000,6941.370
2016,17,18,0.000,18603.590
2016,17,22,1699.483,0.000
2016,17,24,0.000,6549.910
2016,17,32,0.000,12897.150
2016,17,69,0.000,12021.720
2016,17,70,0.000,8635.520
2016,17,71,0.000,7078.090
2016,17,73,0.000,6377.230
2016,18,22,0.000,18722.020
2016,18,24,0.000,12145.550
2016,18,32,8545.617,0.000
2016,18,69,9297.946,0.000
2016,18,70,0.000,10011.330
2016,18,71,0.000,11527.510
2016,18,73,0.000,12227.660
2016,22,24,0.000,7808.200
2016,22,32,0.000,11577.220
2016,22,69,0.000,10803.790
2016,22,70,0.000,9198.710
2016,22,71,0.000,7918.650
2016,22,73,0.000,7342.280
2016,24,32,0.000,14367.820
2016,24,69,0.000,13261.580
2016,24,70,0.000,4270.360
2016,24,71,0.000,2503.150
2016,24,73,0.000,1833.810
2016,32,69,1382.148,0.000
2016,32,70,0.000,10157.520
2016,32,71,0.000,11869.130
2016,32,73,0.000,12627.560
2016,69,70,0.000,9135.990
2016,69,71,0.000,10759.020
2016,69,73,0.000,11482.790
2016,70,71,2306.653,0.000
2016,70,73,3324.123,0.000
2016,71,73,1017.894,0.000
2017,1,2,7284.759,0.000
2017,1,3,0.000,12100.290
2017,1,4,0.000,16818.980
2017,1,6,0.000,16419.930
2017,1,7,0.000,16724.840
2017,1,9,0.000,16890.100
2017,1,11,0.000,15524.380
2017,1,13,0.000,16524.960
2017,1,14,0.000,16268.660
2017,1,15,6966.334,0.000
2017,1,17,9290.222,0.000
2017,1,18,0.000,13093.650
2017,1,22,9349.165,0.000
2017,1,24,0.000,11651.650
2017,1,32,0.000,13578.140
2017,1,69,0.000,14293.550
2017,1,70,0.000,15806.380
2017,1,71,0.000,13855.530
2017,1,73,0.000,12959.920
2017,2,3,0.000,6034.720
2017,2,4,0.000,10606.940
2017,2,6,0.000,10157.630
2017,2,7,0.000,14634.860
2017,2,9,0.000,10590.390
2017,2,11,0.000,9215.500
2017,2,13,0.000,10212.190
2017,2,14,0.000,9979.630
2017,2,15,330.331,0.000
2017,2,17,4343.991,0.000
2017,2,18,0.000,15897.910
2017,2,22,5820.980,0.000
2017,2,24,0.000,5588.370
2017,2,32,0.000,16662.450
2017,2,69,0.000,15813.660
2017,2,70,0.000,9501.490
2017,2,71,0.000,7550.790
2017,2,73,0.000,6653.720
2017,3,4,0.000,4718.690
2017,3,6,0.000,4340.260
2017,3,7,0.000,10259.310
2017,3,9,0.000,5097.970
2017,3,11,0.000,3608.610
2017,3,13,0.000,4671.450
2017,3,14,0.000,4229.400
2017,3,15,0.000,6332.170
2017,3,17,0.000,6842.500
2017,3,18,0.000,11826.430
2017,3,22,0.000,8052.260
2017,3,24,513.868,0.000
2017,3,32,0.000,13971.820
2017,3,69,0.000,12887.750
2017,3,70,0.000,3843.140
2017,3,71,0.000,2139.990
2017,3,73,0.000,1579.530
2017,4,6,558.487,0.000
2017,4,7,0.000,5911.350
2017,4,9,1373.672,0.000
2017,4,11,1722.662,0.000
2017,4,13,1180.411,0.000
2017,4,14,830.312,0.000
2017,4,15,0.000,10899.380
2017,4,17,0.000,9864.350
2017,4,18,0.000,8792.970
2017,4,22,0.000,10368.570
2017,4,24,0.000,5167.580
2017,4,32,0.000,9480.720
2017,4,69,0.000,8581.500
2017,4,70,1349.264,0.000
2017,4,71,3532.084,0.000
2017,4,73,4538.470,0.000
2017,6,7,0.000,6128.790
2017,6,9,1287.118,0.000
2017,6,11,1164.252,0.000
2017,6,13,866.268,0.000
2017,6,14,294.042,0.000
2017,6,15,0.000,10448.110
2017,6,17,0.000,9373.310
2017,6,18,0.000,9278.880
2017,6,22,0.000,9904.000
2017,6,24,0.000,4783.780
2017,6,32,0.000,9762.980
2017,6,69,0.000,8811.910
2017,6,70,794.594,0.000
2017,6,71,2995.280,0.000
2017,6,73,4007.614,0.000
2017,7,9,0.000,5202.640
2017,7,11,0.000,6669.690
2017,7,13,0.000,5627.270
2017,7,14,0.000,6160.520
2017,7,15,0.000,14804.070
2017,7,17,0.000,11352.570
2017,7,18,9383.616,0.000
2017,7,22,0.000,10569.760
2017,7,24,0.000,10656.230
2017,7,32,4291.269,0.000
2017,7,69,3108.664,0.000
2017,7,70,0.000,6462.650
2017,7,71,0.000,8161.930
2017,7,73,0.000,8945.140
2017,9,11,1760.977,0.000
2017,9,13,597.038,0.000
2017,9,14,1195.373,0.000
2017,9,15,0.000,10867.470
2017,9,17,0.000,9205.980
2017,9,18,0.000,9525.410
2017,9,22,0.000,9509.670
2017,9,24,0.000,5519.330
2017,9,32,0.000,8895.470
2017,9,69,0.000,7879.640
2017,9,70,1442.836,0.000
2017,9,71,3638.942,0.000
2017,9,73,4635.174,0.000
2017,11,13,1170.232,0.000
2017,11,14,910.328,0.000
2017,11,15,0.000,9501.370
2017,11,17,0.000,8363.910
2017,11,18,0.000,10276.810
2017,11,22,0.000,8956.310
2017,11,24,0.000,4028.530
2017,11,32,0.000,10374.610
2017,11,69,0.000,9332.930
2017,11,70,390.761,0.000
2017,11,71,1924.973,0.000
2017,11,73,2940.986,0.000
2017,13,14,678.252,0.000
2017,13,15,0.000,10492.570
2017,13,17,0.000,8991.360
2017,13,18,0.000,9707.410
2017,13,22,0.000,9382.240
2017,13,24,0.000,5093.840
2017,13,32,0.000,9322.180
2017,13,69,0.000,8302.270
2017,13,70,846.113,0.000
2017,13,71,3071.039,0.000
2017,13,73,4077.163,0.000
2017,14,15,0.000,10268.140
2017,14,17,0.000,9122.530
2017,14,18,0.000,9532.560
2017,14,22,0.000,9646.860
2017,14,24,0.000,4667.230
2017,14,32,0.000,9823.770
2017,14,69,0.000,8843.940
2017,14,70,524.979,0.000
2017,14,71,2794.410,0.000
2017,14,73,3811.580,0.000
2017,15,17,4377.828,0.000
2017,15,18,0.000,15998.960
2017,15,22,5791.376,0.000
2017,15,24,0.000,5885.750
2017,15,32,0.000,16597.500
2017,15,69,0.000,15822.770
2017,15,70,0.000,9788.120
2017,15,71,0.000,7838.360
2017,15,73,0.000,6941.370
2017,17,18,0.000,18603.590
2017,17,22,1699.483,0.000
2017,17,24,0.000,6549.910
2017,17,32,0.000,12897.150
2017,17,69,0.000,12021.720
2017,17,70,0.000,8635.520
2017,17,71,0.000,7078.090
2017,17,73,0.000,6377.230
2017,18,22,0.000,18722.020
2017,18,24,0.000,12145.550
2017,18,32,8545.617,0.000
2017,18,69,9297.946,0.000
2017,18,70,0.000,10011.330
2017,18,71,0.000,11527.510
2017,18,73,0.000,12227.660
2017,22,24,0.000,7808.200
2017,22,32,0.000,11577.220
2017,22,69,0.000,10803.790
2017,22,70,0.000,9198.710
2017,22,71,0.000,7918.650
2017,22,73,0.000,7342.280
2017,24,32,0.000,14367.820
2017,24,69,0.000,13261.580
2017,24,70,0.000,4270.360
2017,24,71,0.000,2503.150
2017,24,73,0.000,1833.810
2017,32,69,1382.148,0.000
2017,32,70,0.000,10157.520
2017,32,71,0.000,11869.130
2017,32,73,0.000,12627.560
2017,69,70,0.000,9135.990
2017,69,71,0.000,10759.020
2017,69,73,0.000,11482.790
2017,70,71,2306.653,0.000
2017,70,73,3324.123,0.000
2017,71,73,1017.894,0.000
2018,1,3,0.000,12100.290
2018,1,4,0.000,16818.980
2018,1,6,0.000,16419.930
2018,1,7,0.000,16724.840
2018,1,9,0.000,16890.100
2018,1,10,0.000,16314.270
2018,1,11,0.000,15524.380
2018,1,13,0.000,16524.960
2018,1,14,0.000,16268.660
2018,1,15,6966.334,0.000
2018,1,17,9290.222,0.000
2018,1,18,0.000,13093.650
2018,1,22,9349.165,0.000
2018,1,24,0.000,11651.650
2018,1,32,0.000,13578.140
2018,1,34,0.000,16578.770
2018,1,69,0.000,14293.550
2018,1,70,0.000,15806.380
2018,1,71,0.000,13855.530
2018,1,73,0.000,12959.920
2018,3,4,0.000,4718.690
2018,3,6,0.000,4340.260
2018,3,7,0.000,10259.310
2018,3,9,0.000,5097.970
2018,3,10,0.000,4441.350
2018,3,11,0.000,3608.610
2018,3,13,0.000,4671.450
2018,3,14,0.000,4229.400
2018,3,15,0.000,6332.170
2018,3,17,0.000,6842.500
2018,3,18,0.000,11826.430
2018,3,22,0.000,8052.260
2018,3,24,513.868,0.000
2018,3,32,0.000,13971.820
2018,3,34,0.000,4493.510
2018,3,69,0.000,12887.750
2018,3,70,0.000,3843.140
2018,3,71,0.000,2139.990
2018,3,73,0.000,1579.530
2018,4,6,558.487,0.000
2018,4,7,0.000,5911.350
2018,4,9,1373.672,0.000
2018,4,10,1140.980,0.000
2018,4,11,1722.662,0.000
2018,4,13,1180.411,0.000
2018,4,14,830.312,0.000
2018,4,15,0.000,10899.380
2018,4,17,0.000,9864.350
2018,4,18,0.000,8792.970
2018,4,22,0.000,10368.570
2018,4,24,0.000,5167.580
2018,4,32,0.000,9480.720
2018,4,34,396.550,0.000
2018,4,69,0.000,8581.500
2018,4,70,1349.264,0.000
2018,4,71,3532.084,0.000
2018,4,73,4538.470,0.000
2018,6,7,0.000,6128.790
2018,6,9,1287.118,0.000
2018,6,10,722.250,0.000
2018,6,11,1164.252,0.000
2018,6,13,866.268,0.000
2018,6,14,294.042,0.000
2018,6,15,0.000,10448.110
2018,6,17,0.000,9373.310
2018,6,18,0.000,9278.880
2018,6,22,0.000,9904.000
2018,6,24,0.000,4783.780
2018,6,32,0.000,9762.980
2018,6,34,163.293,0.000
2018,6,69,0.000,8811.910
2018,6,70,794.594,0.000
2018,6,71,2995.280,0.000
2018,6,73,4007.614,0.000
2018,7,9,0.000,5202.640
2018,7,10,0.000,5853.420
2018,7,11,0.000,6669.690
2018,7,13,0.000,5627.270
2018,7,14,0.000,6160.520
2018,7,15,0.000,14804.070
2018,7,17,0.000,11352.570
2018,7,18,9383.616,0.000
2018,7,22,0.000,10569.760
2018,7,24,0.000,10656.230
2018,7,32,4291.269,0.000
2018,7,34,0.000,6005.490
2018,7,69,3108.664,0.000
2018,7,70,0.000,6462.650
2018,7,71,0.000,8161.930
2018,7,73,0.000,8945.140
2018,9,10,851.214,0.000
2018,9,11,1760.977,0.000
2018,9,13,597.038,0.000
2018,9,14,1195.373,0.000
2018,9,15,0.000,10867.470
2018,9,17,0.000,9205.980
2018,9,18,0.000,9525.410
2018,9,22,0.000,9509.670
2018,9,24,0.000,5519.330
2018,9,32,0.000,8895.470
2018,9,34,1270.748,0.000
2018,9,69,0.000,7879.640
2018,9,70,1442.836,0.000
2018,9,71,3638.942,0.000
2018,9,73,4635.174,0.000
2018,10,11,932.319,0.000
2018,10,13,256.539,0.000
2018,10,14,478.697,0.000
2018,10,15,0.000,10281.270
2018,10,17,0.000,8859.760
2018,10,18,0.000,9824.070
2018,10,22,0.000,9295.350
2018,10,24,0.000,4863.580
2018,10,32,0.000,9550.540
2018,10,34,814.711,0.000
2018,10,69,0.000,8526.460
2018,10,70,592.209,0.000
2018,10,71,2848.769,0.000
2018,10,73,3860.277,0.000
2018,11,13,1170.232,0.000
2018,11,14,910.328,0.000
2018,11,15,0.000,9501.370
2018,11,17,0.000,8363.910
2018,11,18,0.000,10276.810
2018,11,22,0.000,8956.310
2018,11,24,0.000,4028.530
2018,11,32,0.000,10374.610
2018,11,34,1326.357,0.000
2018,11,69,0.000,9332.930
2018,11,70,390.761,0.000
2018,11,71,1924.973,0.000
2018,11,73,2940.986,0.000
2018,13,14,678.252,0.000
2018,13,15,0.000,10492.570
2018,13,17,0.000,8991.360
2018,13,18,0.000,9707.410
2018,13,22,0.000,9382.240
2018,13,24,0.000,5093.840
2018,13,32,0.000,9322.180
2018,13,34,919.114,0.000
2018,13,69,0.000,8302.270
2018,13,70,846.113,0.000
2018,13,71,3071.039,0.000
2018,13,73,4077.163,0.000
2018,14,15,0.000,10268.140
2018,14,17,0.000,9122.530
2018,14,18,0.000,9532.560
2018,14,22,0.000,9646.860
2018,14,24,0.000,4667.230
2018,14,32,0.000,9823.770
2018,14,34,439.214,0.000
2018,14,69,0.000,8843.940
2018,14,70,524.979,0.000
2018,14,71,2794.410,0.000
2018,14,73,3811.580,0.000
2018,15,17,4377.828,0.000
2018,15,18,0.000,15998.960
2018,15,22,5791.376,0.000
2018,15,24,0.000,5885.750
2018,15,32,0.000,16597.500
2018,15,34,0.000,10610.550
2018,15,69,0.000,15822.770
2018,15,70,0.000,9788.120
2018,15,71,0.000,7838.360
2018,15,73,0.000,6941.370
2018,17,18,0.000,18603.590
2018,17,22,1699.483,0.000
2018,17,24,0.000,6549.910
2018,17,32,0.000,12897.150
2018,17,34,0.000,9513.270
2018,17,69,0.000,12021.720
2018,17,70,0.000,8635.520
2018,17,71,0.000,7078.090
2018,17,73,0.000,6377.230
2018,18,22,0.000,18722.020
2018,18,24,0.000,12145.550
2018,18,32,8545.617,0.000
2018,18,34,0.000,9144.060
2018,18,69,9297.946,0.000
2018,18,70,0.000,10011.330
2018,18,71,0.000,11527.510
2018,18,73,0.000,12227.660
2018,22,24,0.000,7808.200
2018,22,32,0.000,11577.220
2018,22,34,0.000,10023.220
2018,22,69,0.000,10803.790
2018,22,70,0.000,9198.710
2018,22,71,0.000,7918.650
2018,22,73,0.000,7342.280
2018,24,32,0.000,14367.820
2018,24,34,0.000,4938.100
2018,24,69,0.000,13261.580
2018,24,70,0.000,4270.360
2018,24,71,0.000,2503.150
2018,24,73,0.000,1833.810
2018,32,34,0.000,9626.660
2018,32,69,1382.148,0.000
2018,32,70,0.000,10157.520
2018,32,71,0.000,11869.130
2018,32,73,0.000,12627.560
2018,34,69,0.000,8686.980
2018,34,70,953.285,0.000
2018,34,71,3155.655,0.000
2018,34,73,4166.902,0.000
2018,69,70,0.000,9135.990
2018,69,71,0.000,10759.020
2018,69,73,0.000,11482.790
2018,70,71,2306.653,0.000
2018,70,73,3324.123,0.000
2018,71,73,1017.894,0.000
2019,1,3,0.000,12100.290
2019,1,4,0.000,16818.980
2019,1,6,0.000,16419.930
2019,1,7,0.000,16724.840
2019,1,9,0.000,16890.100
2019,1,10,0.000,16314.270
2019,1,11,0.000,15524.380
2019,1,13,0.000,16524.960
2019,1,14,0.000,16268.660
2019,1,15,6966.334,0.000
2019,1,17,9290.222,0.000
2019,1,18,0.000,13093.650
2019,1,22,9349.165,0.000
2019,1,24,0.000,11651.650
2019,1,32,0.000,13578.140
2019,1,34,0.000,16578.770
2019,1,69,0.000,14293.550
2019,1,70,0.000,15806.380
2019,1,71,0.000,13855.530
2019,1,73,0.000,12959.920
2019,3,4,0.000,4718.690
2019,3,6,0.000,4340.260
2019,3,7,0.000,10259.310
2019,3,9,0.000,5097.970
2019,3,10,0.000,4441.350
2019,3,11,0.000,3608.610
2019,3,13,0.000,4671.450
2019,3,14,0.000,4229.400
2019,3,15,0.000,6332.170
2019,3,17,0.000,6842.500
2019,3,18,0.000,11826.430
2019,3,22,0.000,8052.260
2019,3,24,513.868,0.000
2019,3,32,0.000,13971.820
2019,3,34,0.000,4493.510
2019,3,69,0.000,12887.750
2019,3,70,0.000,3843.140
2019,3,71,0.000,2139.990
2019,3,73,0.000,1579.530
2019,4,6,558.487,0.000
2019,4,7,0.000,5911.350
2019,4,9,1373.672,0.000
2019,4,10,1140.980,0.000
2019,4,11,1722.662,0.000
2019,4,13,1180.411,0.000
2019,4,14,830.312,0.000
2019,4,15,0.000,10899.380
2019,4,17,0.000,9864.350
2019,4,18,0.000,8792.970
2019,4,22,0.000,10368.570
2019,4,24,0.000,5167.580
2019,4,32,0.000,9480.720
2019,4,34,396.550,0.000
2019,4,69,0.000,8581.500
2019,4,70,1349.264,0.000
2019,4,71,3532.084,0.000
2019,4,73,4538.470,0.000
2019,6,7,0.000,6128.790
2019,6,9,1287.118,0.000
2019,6,10,722.250,0.000
2019,6,11,1164.252,0.000
2019,6,13,866.268,0.000
2019,6,14,294.042,0.000
2019,6,15,0.000,10448.110
2019,6,17,0.000,9373.310
2019,6,18,0.000,9278.880
2019,6,22,0.000,9904.000
2019,6,24,0.000,4783.780
2019,6,32,0.000,9762.980
2019,6,34,163.293,0.000
2019,6,69,0.000,8811.910
2019,6,70,794.594,0.000
2019,6,71,2995.280,0.000
2019,6,73,4007.614,0.000
2019,7,9,0.000,5202.640
2019,7,10,0.000,5853.420
2019,7,11,0.000,6669.690
2019,7,13,0.000,5627.270
2019,7,14,0.000,6160.520
2019,7,15,0.000,14804.070
2019,7,17,0.000,11352.570
2019,7,18,9383.616,0.000
2019,7,22,0.000,10569.760
2019,7,24,0.000,10656.230
2019,7,32,4291.269,0.000
2019,7,34,0.000,6005.490
2019,7,69,3108.664,0.000
2019,7,70,0.000,6462.650
2019,7,71,0.000,8161.930
2019,7,73,0.000,8945.140
2019,9,10,851.214,0.000
2019,9,11,1760.977,0.000
2019,9,13,597.038,0.000
2019,9,14,1195.373,0.000
2019,9,15,0.000,10867.470
2019,9,17,0.000,9205.980
2019,9,18,0.000,9525.410
2019,9,22,0.000,9509.670
2019,9,24,0.000,5519.330
2019,9,32,0.000,8895.470
2019,9,34,1270.748,0.000
2019,9,69,0.000,7879.640
2019,9,70,1442.836,0.000
2019,9,71,3638.942,0.000
2019,9,73,4635.174,0.000
2019,10,11,932.319,0.000
2019,10,13,256.539,0.000
2019,10,14,478.697,0.000
2019,10,15,0.000,10281.270
2019,10,17,0.000,8859.760
2019,10,18,0.000,9824.070
2019,10,22,0.000,9295.350
2019,10,24,0.000,4863.580
2019,10,32,0.000,9550.540
2019,10,34,814.711,0.000
2019,10,69,0.000,8526.460
2019,10,70,592.209,0.000
2019,10,71,2848.769,0.000
2019,10,73,3860.277,0.000
2019,11,13,1170.232,0.000
2019,11,14,910.328,0.000
2019,11,15,0.000,9501.370
2019,11,17,0.000,8363.910
2019,11,18,0.000,10276.810
2019,11,22,0.000,8956.310
2019,11,24,0.000,4028.530
2019,11,32,0.000,10374.610
2019,11,34,1326.357,0.000
2019,11,69,0.000,9332.930
2019,11,70,390.761,0.000
2019,11,71,1924.973,0.000
2019,11,73,2940.986,0.000
2019,13,14,678.252,0.000
2019,13,15,0.000,10492.570
2019,13,17,0.000,8991.360
2019,13,18,0.000,9707.410
2019,13,22,0.000,9382.240
2019,13,24,0.000,5093.840
2019,13,32,0.000,9322.180
2019,13,34,919.114,0.000
2019,13,69,0.000,8302.270
2019,13,70,846.113,0.000
2019,13,71,3071.039,0.000
2019,13,73,4077.163,0.000
2019,14,15,0.000,10268.140
2019,14,17,0.000,9122.530
2019,14,18,0.000,9532.560
2019,14,22,0.000,9646.860
2019,14,24,0.000,4667.230
2019,14,32,0.000,9823.770
2019,14,34,439.214,0.000
2019,14,69,0.000,8843.940
2019,14,70,524.979,0.000
2019,14,71,2794.410,0.000
2019,14,73,3811.580,0.000
2019,15,17,4377.828,0.000
2019,15,18,0.000,15998.960
2019,15,22,5791.376,0.000
2019,15,24,0.000,5885.750
2019,15,32,0.000,16597.500
2019,15,34,0.000,10610.550
2019,15,69,0.000,15822.770
2019,15,70,0.000,9788.120
2019,15,71,0.000,7838.360
2019,15,73,0.000,6941.370
2019,17,18,0.000,18603.590
2019,17,22,1699.483,0.000
2019,17,24,0.000,6549.910
2019,17,32,0.000,12897.150
2019,17,34,0.000,9513.270
2019,17,69,0.000,12021.720
2019,17,70,0.000,8635.520
2019,17,71,0.000,7078.090
2019,17,73,0.000,6377.230
2019,18,22,0.000,18722.020
2019,18,24,0.000,12145.550
2019,18,32,8545.617,0.000
2019,18,34,0.000,9144.060
2019,18,69,9297.946,0.000
2019,18,70,0.000,10011.330
2019,18,71,0.000,11527.510
2019,18,73,0.000,12227.660
2019,22,24,0.000,7808.200
2019,22,32,0.000,11577.220
2019,22,34,0.000,10023.220
2019,22,69,0.000,10803.790
2019,22,70,0.000,9198.710
2019,22,71,0.000,7918.650
2019,22,73,0.000,7342.280
2019,24,32,0.000,14367.820
2019,24,34,0.000,4938.100
2019,24,69,0.000,13261.580
2019,24,70,0.000,4270.360
2019,24,71,0.000,2503.150
2019,24,73,0.000,1833.810
2019,32,34,0.000,9626.660
2019,32,69,1382.148,0.000
2019,32,70,0.000,10157.520
2019,32,71,0.000,11869.130
2019,32,73,0.000,12627.560
2019,34,69,0.000,8686.980
2019,34,70,953.285,0.000
2019,34,71,3155.655,0.000
2019,34,73,4166.902,0.000
2019,69,70,0.000,9135.990
2019,69,71,0.000,10759.020
2019,69,73,0.000,11482.790
2019,70,71,2306.653,0.000
2019,70,73,3324.123,0.000
2019,71,73,1017.894,0.000
2020,3,4,0.000,4718.690
2020,3,5,0.000,2546.410
2020,3,9,0.000,5097.970
2020,3,11,0.000,3608.610
2020,3,13,0.000,4671.450
2020,3,14,0.000,4229.400
2020,3,20,0.000,4566.750
2020,3,21,0.000,4049.120
2020,3,24,513.868,0.000
2020,3,70,0.000,3843.140
2020,3,71,0.000,2139.990
2020,3,75,0.000,5586.920
2020,3,76,0.000,4033.000
2020,4,5,2599.630,0.000
2020,4,9,1373.672,0.000
2020,4,11,1722.662,0.000
2020,4,13,1180.411,0.000
2020,4,14,830.312,0.000
2020,4,20,1195.206,0.000
2020,4,21,952.639,0.000
2020,4,24,0.000,5167.580
2020,4,70,1349.264,0.000
2020,4,71,3532.084,0.000
2020,4,75,1209.483,0.000
2020,4,76,909.042,0.000
2020,5,9,3000.718,0.000
2020,5,11,1256.319,0.000
2020,5,13,2403.983,0.000
2020,5,14,1959.798,0.000
2020,5,20,2325.272,0.000
2020,5,21,1715.520,0.000
2020,5,24,0.000,2977.470
2020,5,70,1561.762,0.000
2020,5,71,1047.220,0.000
2020,5,75,3774.633,0.000
2020,5,76,1741.030,0.000
2020,9,11,1760.977,0.000
2020,9,13,597.038,0.000
2020,9,14,1195.373,0.000
2020,9,20,675.446,0.000
2020,9,21,1464.393,0.000
2020,9,24,0.000,5519.330
2020,9,70,1442.836,0.000
2020,9,71,3638.942,0.000
2020,9,75,2018.657,0.000
2020,9,76,1476.039,0.000
2020,11,13,1170.232,0.000
2020,11,14,910.328,0.000
2020,11,20,1089.823,0.000
2020,11,21,786.475,0.000
2020,11,24,0.000,4028.530
2020,11,70,390.761,0.000
2020,11,71,1924.973,0.000
2020,11,75,2924.305,0.000
2020,11,76,837.833,0.000
2020,13,14,678.252,0.000
2020,13,20,80.638,0.000
2020,13,21,923.755,0.000
2020,13,24,0.000,5093.840
2020,13,70,846.113,0.000
2020,13,71,3071.039,0.000
2020,13,75,2152.166,0.000
2020,13,76,947.095,0.000
2020,14,20,635.681,0.000
2020,14,21,273.802,0.000
2020,14,24,0.000,4667.230
2020,14,70,524.979,0.000
2020,14,71,2794.410,0.000
2020,14,75,2017.702,0.000
2020,14,76,280.683,0.000
2020,20,21,870.098,0.000
2020,20,24,0.000,4986.840
2020,20,70,769.271,0.000
2020,20,71,2990.732,0.000
2020,20,75,2199.361,0.000
2020,20,76,896.723,0.000
2020,21,24,0.000,4488.480
2020,21,70,457.213,0.000
2020,21,71,2593.098,0.000
2020,21,75,2161.993,0.000
2020,21,76,54.426,0.000
2020,24,70,0.000,4270.360
2020,24,71,0.000,2503.150
2020,24,75,0.000,6039.200
2020,24,76,0.000,4474.440
2020,70,71,2306.653,0.000
2020,70,75,2542.637,0.000
2020,70,76,511.639,0.000
2020,71,75,4734.391,0.000
2020,71,76,2630.472,0.000
2020,75,76,2118.481,0.000
2021,3,4,0.000,4718.690
2021,3,5,0.000,2546.410
2021,3,6,0.000,4340.260
2021,3,9,0.000,5097.970
2021,3,11,0.000,3608.610
2021,3,13,0.000,4671.450
2021,3,14,0.000,4229.400
2021,3,18,0.000,11826.430
2021,3,21,0.000,4049.120
2021,3,24,513.868,0.000
2021,3,32,0.000,13971.820
2021,3,34,0.000,4493.510
2021,3,39,0.000,4775.390
2021,3,69,0.000,12887.750
2021,3,70,0.000,3843.140
2021,3,71,0.000,2139.990
2021,3,73,0.000,1579.530
2021,3,75,0.000,5586.920
2021,3,77,1447.194,0.000
2021,3,78,128.924,0.000
2021,4,5,2599.630,0.000
2021,4,6,558.487,0.000
2021,4,9,1373.672,0.000
2021,4,11,1722.662,0.000
2021,4,13,1180.411,0.000
2021,4,14,830.312,0.000
2021,4,18,0.000,8792.970
2021,4,21,952.639,0.000
2021,4,24,0.000,5167.580
2021,4,32,0.000,9480.720
2021,4,34,396.550,0.000
2021,4,39,1397.481,0.000
2021,4,69,0.000,8581.500
2021,4,70,1349.264,0.000
2021,4,71,3532.084,0.000
2021,4,73,4538.470,0.000
2021,4,75,1209.483,0.000
2021,4,77,0.000,4091.260
2021,4,78,0.000,4862.760
2021,5,6,2101.664,0.000
2021,5,9,3000.718,0.000
2021,5,11,1256.319,0.000
2021,5,13,2403.983,0.000
2021,5,14,1959.798,0.000
2021,5,18,0.000,10610.200
2021,5,21,1715.520,0.000
2021,5,24,0.000,2977.470
2021,5,32,0.000,11451.460
2021,5,34,2251.944,0.000
2021,5,39,2605.778,0.000
2021,5,69,0.000,10413.650
2021,5,70,1561.762,0.000
2021,5,71,1047.220,0.000
2021,5,73,1980.363,0.000
2021,5,75,3774.633,0.000
2021,5,77,0.000,2329.070
2021,5,78,0.000,2695.310
2021,6,9,1287.118,0.000
2021,6,11,1164.252,0.000
2021,6,13,866.268,0.000
2021,6,14,294.042,0.000
2021,6,18,0.000,9278.880
2021,6,21,402.478,0.000
2021,6,24,0.000,4783.780
2021,6,32,0.000,9762.980
2021,6,34,163.293,0.000
2021,6,39,1133.427,0.000
2021,6,69,0.000,8811.910
2021,6,70,794.594,0.000
2021,6,71,2995.280,0.000
2021,6,73,4007.614,0.000
2021,6,75,1764.534,0.000
2021,6,77,0.000,3820.350
2021,6,78,0.000,4486.870
2021,9,11,1760.977,0.000
2021,9,13,597.038,0.000
2021,9,14,1195.373,0.000
2021,9,18,0.000,9525.410
2021,9,21,1464.393,0.000
2021,9,24,0.000,5519.330
2021,9,32,0.000,8895.470
2021,9,34,1270.748,0.000
2021,9,39,436.961,0.000
2021,9,69,0.000,7879.640
2021,9,70,1442.836,0.000
2021,9,71,3638.942,0.000
2021,9,73,4635.174,0.000
2021,9,75,2018.657,0.000
2021,9,77,0.000,4764.690
2021,9,78,0.000,5247.130
2021,11,13,1170.232,0.000
2021,11,14,910.328,0.000
2021,11,18,0.000,10276.810
2021,11,21,786.475,0.000
2021,11,24,0.000,4028.530
2021,11,32,0.000,10374.610
2021,11,34,1326.357,0.000
2021,11,39,1353.338,0.000
2021,11,69,0.000,9332.930
2021,11,70,390.761,0.000
2021,11,71,1924.973,0.000
2021,11,73,2940.986,0.000
2021,11,75,2924.305,0.000
2021,11,77,0.000,3372.850
2021,11,78,0.000,3757.780
2021,13,14,678.252,0.000
2021,13,18,0.000,9707.410
2021,13,21,923.755,0.000
2021,13,24,0.000,5093.840
2021,13,32,0.000,9322.180
2021,13,34,919.114,0.000
2021,13,39,274.387,0.000
2021,13,69,0.000,8302.270
2021,13,70,846.113,0.000
2021,13,71,3071.039,0.000
2021,13,73,4077.163,0.000
2021,13,75,2152.166,0.000
2021,13,77,0.000,4349.600
2021,13,78,0.000,4820.600
2021,14,18,0.000,9532.560
2021,14,21,273.802,0.000
2021,14,24,0.000,4667.230
2021,14,32,0.000,9823.770
2021,14,34,439.214,0.000
2021,14,39,952.532,0.000
2021,14,69,0.000,8843.940
2021,14,70,524.979,0.000
2021,14,71,2794.410,0.000
2021,14,73,3811.580,0.000
2021,14,75,2017.702,0.000
2021,14,77,0.000,3786.310
2021,14,78,0.000,4377.350
2021,18,21,0.000,9589.770
2021,18,24,0.000,12145.550
2021,18,32,8545.617,0.000
2021,18,34,0.000,9144.060
2021,18,39,0.000,9802.460
2021,18,69,9297.946,0.000
2021,18,70,0.000,10011.330
2021,18,71,0.000,11527.510
2021,18,73,0.000,12227.660
2021,18,75,0.000,7866.730
2021,18,77,0.000,10555.410
2021,18,78,0.000,11883.420
2021,21,24,0.000,4488.480
2021,21,32,0.000,10010.710
2021,21,34,564.317,0.000
2021,21,39,1194.457,0.000
2021,21,69,0.000,9031.700
2021,21,70,457.213,0.000
2021,21,71,2593.098,0.000
2021,21,73,3606.150,0.000
2021,21,75,2161.993,0.000
2021,21,77,0.000,3598.690
2021,21,78,0.000,4196.810
2021,24,32,0.000,14367.820
2021,24,34,0.000,4938.100
2021,24,39,0.000,5191.560
2021,24,69,0.000,13261.580
2021,24,70,0.000,4270.360
2021,24,71,0.000,2503.150
2021,24,73,0.000,1833.810
2021,24,75,0.000,6039.200
2021,24,77,1858.231,0.000
2021,24,78,387.710,0.000
2021,32,34,0.000,9626.660
2021,32,39,0.000,9206.280
2021,32,69,1382.148,0.000
2021,32,70,0.000,10157.520
2021,32,71,0.000,11869.130
2021,32,73,0.000,12627.560
2021,32,75,0.000,8816.960
2021,32,77,0.000,13571.130
2021,32,78,0.000,14120.280
2021,34,39,1173.416,0.000
2021,34,69,0.000,8686.980
2021,34,70,953.285,0.000
2021,34,71,3155.655,0.000
2021,34,73,4166.902,0.000
2021,34,75,1601.265,0.000
2021,34,77,0.000,3950.680
2021,34,78,0.000,4639.740
2021,39,69,0.000,8171.600
2021,39,70,1070.162,0.000
2021,39,71,3207.567,0.000
2021,39,73,4200.466,0.000
2021,39,75,2269.319,0.000
2021,39,77,0.000,4495.970
2021,39,78,0.000,4924.530
2021,69,70,0.000,9135.990
2021,69,71,0.000,10759.020
2021,69,73,0.000,11482.790
2021,69,75,0.000,8023.950
2021,69,77,0.000,12629.020
2021,69,78,0.000,13034.130
2021,70,71,2306.653,0.000
2021,70,73,3324.123,0.000
2021,70,75,2542.637,0.000
2021,70,77,0.000,3529.090
2021,70,78,0.000,3992.170
2021,71,73,1017.894,0.000
2021,71,75,4734.391,0.000
2021,71,77,0.000,2421.880
2021,71,78,0.000,2282.840
2021,73,75,5734.563,0.000
2021,73,77,0.000,2327.880
2021,73,78,0.000,1697.170
2021,75,77,0.000,4819.330
2021,75,78,0.000,5726.290
2021,77,78,1528.498,0.000
2022,1,3,0.000,12100.290
2022,1,4,0.000,16818.980
2022,1,6,0.000,16419.930
2022,1,7,0.000,16724.840
2022,1,9,0.000,16890.100
2022,1,11,0.000,15524.380
2022,1,13,0.000,16524.960
2022,1,14,0.000,16268.660
2022,1,15,6966.334,0.000
2022,1,18,0.000,13093.650
2022,1,21,0.000,16103.780
2022,1,22,9349.165,0.000
2022,1,24,0.000,11651.650
2022,1,32,0.000,13578.140
2022,1,34,0.000,16578.770
2022,1,39,0.000,16538.430
2022,1,69,0.000,14293.550
2022,1,70,0.000,15806.380
2022,1,73,0.000,12959.920
2022,1,77,0.000,12801.610
2022,1,79,0.000,15593.410
2022,3,4,0.000,4718.690
2022,3,6,0.000,4340.260
2022,3,7,0.000,10259.310
2022,3,9,0.000,5097.970
2022,3,11,0.000,3608.610
2022,3,13,0.000,4671.450
2022,3,14,0.000,4229.400
2022,3,15,0.000,6332.170
2022,3,18,0.000,11826.430
2022,3,21,0.000,4049.120
2022,3,22,0.000,8052.260
2022,3,24,513.868,0.000
2022,3,32,0.000,13971.820
2022,3,34,0.000,4493.510
2022,3,39,0.000,4775.390
2022,3,69,0.000,12887.750
2022,3,70,0.000,3843.140
2022,3,73,0.000,1579.530
2022,3,77,1447.194,0.000
2022,3,79,0.000,12192.610
2022,4,6,558.487,0.000
2022,4,7,0.000,5911.350
2022,4,9,1373.672,0.000
2022,4,11,1722.662,0.000
2022,4,13,1180.411,0.000
2022,4,14,830.312,0.000
2022,4,15,0.000,10899.380
2022,4,18,0.000,8792.970
2022,4,21,952.639,0.000
2022,4,22,0.000,10368.570
2022,4,24,0.000,5167.580
2022,4,32,0.000,9480.720
2022,4,34,396.550,0.000
2022,4,39,1397.481,0.000
2022,4,69,0.000,8581.500
2022,4,70,1349.264,0.000
2022,4,73,4538.470,0.000
2022,4,77,0.000,4091.260
2022,4,79,0.000,7544.850
2022,6,7,0.000,6128.790
2022,6,9,1287.118,0.000
2022,6,11,1164.252,0.000
2022,6,13,866.268,0.000
2022,6,14,294.042,0.000
2022,6,15,0.000,10448.110
2022,6,18,0.000,9278.880
2022,6,21,402.478,0.000
2022,6,22,0.000,9904.000
2022,6,24,0.000,4783.780
2022,6,32,0.000,9762.980
2022,6,34,163.293,0.000
2022,6,39,1133.427,0.000
2022,6,69,0.000,8811.910
2022,6,70,794.594,0.000
2022,6,73,4007.614,0.000
2022,6,77,0.000,3820.350
2022,6,79,0.000,7873.520
2022,7,9,0.000,5202.640
2022,7,11,0.000,6669.690
2022,7,13,0.000,5627.270
2022,7,14,0.000,6160.520
2022,7,15,0.000,14804.070
2022,7,18,9383.616,0.000
2022,7,21,0.000,6348.300
2022,7,22,0.000,10569.760
2022,7,24,0.000,10656.230
2022,7,32,4291.269,0.000
2022,7,34,0.000,6005.490
2022,7,39,0.000,5503.140
2022,7,69,3108.664,0.000
2022,7,70,0.000,6462.650
2022,7,73,0.000,8945.140
2022,7,77,0.000,9945.100
2022,7,79,2591.964,0.000
2022,9,11,1760.977,0.000
2022,9,13,597.038,0.000
2022,9,14,1195.373,0.000
2022,9,15,0.000,10867.470
2022,9,18,0.000,9525.410
2022,9,21,1464.393,0.000
2022,9,22,0.000,9509.670
2022,9,24,0.000,5519.330
2022,9,32,0.000,8895.470
2022,9,34,1270.748,0.000
2022,9,39,436.961,0.000
2022,9,69,0.000,7879.640
2022,9,70,1442.836,0.000
2022,9,73,4635.174,0.000
2022,9,77,0.000,4764.690
2022,9,79,0.000,7108.010
2022,11,13,1170.232,0.000
2022,11,14,910.328,0.000
2022,11,15,0.000,9501.370
2022,11,18,0.000,10276.810
2022,11,21,786.475,0.000
2022,11,22,0.000,8956.310
2022,11,24,0.000,4028.530
2022,11,32,0.000,10374.610
2022,11,34,1326.357,0.000
2022,11,39,1353.338,0.000
2022,11,69,0.000,9332.930
2022,11,70,390.761,0.000
2022,11,73,2940.986,0.000
2022,11,77,0.000,3372.850
2022,11,79,0.000,8597.740
2022,13,14,678.252,0.000
2022,13,15,0.000,10492.570
2022,13,18,0.000,9707.410
2022,13,21,923.755,0.000
2022,13,22,0.000,9382.240
2022,13,24,0.000,5093.840
2022,13,32,0.000,9322.180
2022,13,34,919.114,0.000
2022,13,39,274.387,0.000
2022,13,69,0.000,8302.270
2022,13,70,846.113,0.000
2022,13,73,4077.163,0.000
2022,13,77,0.000,4349.600
2022,13,79,0.000,7531.760
2022,14,15,0.000,10268.140
2022,14,18,0.000,9532.560
2022,14,21,273.802,0.000
2022,14,22,0.000,9646.860
2022,14,24,0.000,4667.230
2022,14,32,0.000,9823.770
2022,14,34,439.214,0.000
2022,14,39,952.532,0.000
2022,14,69,0.000,8843.940
2022,14,70,524.979,0.000
2022,14,73,3811.580,0.000
2022,14,77,0.000,3786.310
2022,14,79,0.000,7967.050
2022,15,18,0.000,15998.960
2022,15,21,0.000,10116.550
2022,15,22,5791.376,0.000
2022,15,24,0.000,5885.750
2022,15,32,0.000,16597.500
2022,15,34,0.000,10610.550
2022,15,39,0.000,10513.910
2022,15,69,0.000,15822.770
2022,15,70,0.000,9788.120
2022,15,73,0.000,6941.370
2022,15,77,0.000,7359.990
2022,15,79,0.000,16961.940
2022,18,21,0.000,9589.770
2022,18,22,0.000,18722.020
2022,18,24,0.000,12145.550
2022,18,32,8545.617,0.000
2022,18,34,0.000,9144.060
2022,18,39,0.000,9802.460
2022,18,69,9297.946,0.000
2022,18,70,0.000,10011.330
2022,18,73,0.000,12227.660
2022,18,77,0.000,10555.410
2022,18,79,7585.580,0.000
2022,21,22,0.000,9618.290
2022,21,24,0.000,4488.480
2022,21,32,0.000,10010.710
2022,21,34,564.317,0.000
2022,21,39,1194.457,0.000
2022,21,69,0.000,9031.700
2022,21,70,457.213,0.000
2022,21,73,3606.150,0.000
2022,21,77,0.000,3598.690
2022,21,79,0.000,8149.750
2022,22,24,0.000,7808.200
2022,22,32,0.000,11577.220
2022,22,34,0.000,10023.220
2022,22,39,0.000,9264.880
2022,22,69,0.000,10803.790
2022,22,70,0.000,9198.710
2022,22,73,0.000,7342.280
2022,22,77,0.000,9307.550
2022,22,79,0.000,12221.850
2022,24,32,0.000,14367.820
2022,24,34,0.000,4938.100
2022,24,39,0.000,5191.560
2022,24,69,0.000,13261.580
2022,24,70,0.000,4270.360
2022,24,73,0.000,1833.810
2022,24,77,1858.231,0.000
2022,24,79,0.000,12622.870
2022,32,34,0.000,9626.660
2022,32,39,0.000,9206.280
2022,32,69,1382.148,0.000
2022,32,70,0.000,10157.520
2022,32,73,0.000,12627.560
2022,32,77,0.000,13571.130
2022,32,79,2373.737,0.000
2022,34,39,1173.416,0.000
2022,34,69,0.000,8686.980
2022,34,70,953.285,0.000
2022,34,73,4166.902,0.000
2022,34,77,0.000,3950.680
2022,34,79,0.000,7727.130
2022,39,69,0.000,8171.600
2022,39,70,1070.162,0.000
2022,39,73,4200.466,0.000
2022,39,77,0.000,4495.970
2022,39,79,0.000,7442.820
2022,69,70,0.000,9135.990
2022,69,73,0.000,11482.790
2022,69,77,0.000,12629.020
2022,69,79,2032.846,0.000
2022,70,73,3324.123,0.000
2022,70,77,0.000,3529.090
2022,70,79,0.000,8352.510
2022,73,77,0.000,2327.880
2022,73,79,0.000,11037.590
2022,77,79,0.000,11621.240
2023,1,3,0.000,12100.290
2023,1,4,0.000,16818.980
2023,1,6,0.000,16419.930
2023,1,7,0.000,16724.840
2023,1,9,0.000,16890.100
2023,1,11,0.000,15524.380
2023,1,13,0.000,16524.960
2023,1,14,0.000,16268.660
2023,1,15,6966.334,0.000
2023,1,18,0.000,13093.650
2023,1,22,9349.165,0.000
2023,1,24,0.000,11651.650
2023,1,32,0.000,13578.140
2023,1,39,0.000,16538.430
2023,1,69,0.000,14293.550
2023,1,70,0.000,15806.380
2023,1,73,0.000,12959.920
2023,1,77,0.000,12801.610
2023,1,78,0.000,11956.260
2023,1,79,0.000,15593.410
2023,1,80,0.000,13132.450
2023,3,4,0.000,4718.690
2023,3,6,0.000,4340.260
2023,3,7,0.000,10259.310
2023,3,9,0.000,5097.970
2023,3,11,0.000,3608.610
2023,3,13,0.000,4671.450
2023,3,14,0.000,4229.400
2023,3,15,0.000,6332.170
2023,3,18,0.000,11826.430
2023,3,22,0.000,8052.260
2023,3,24,513.868,0.000
2023,3,32,0.000,13971.820
2023,3,39,0.000,4775.390
2023,3,69,0.000,12887.750
2023,3,70,0.000,3843.140
2023,3,73,0.000,1579.530
2023,3,77,1447.194,0.000
2023,3,78,128.924,0.000
2023,3,79,0.000,12192.610
2023,3,80,0.000,12923.420
2023,4,6,558.487,0.000
2023,4,7,0.000,5911.350
2023,4,9,1373.672,0.000
2023,4,11,1722.662,0.000
2023,4,13,1180.411,0.000
2023,4,14,830.312,0.000
2023,4,15,0.000,10899.380
2023,4,18,0.000,8792.970
2023,4,22,0.000,10368.570
2023,4,24,0.000,5167.580
2023,4,32,0.000,9480.720
2023,4,39,1397.481,0.000
2023,4,69,0.000,8581.500
2023,4,70,1349.264,0.000
2023,4,73,4538.470,0.000
2023,4,77,0.000,4091.260
2023,4,78,0.000,4862.760
2023,4,79,0.000,7544.850
2023,4,80,0.000,9300.000
2023,6,7,0.000,6128.790
2023,6,9,1287.118,0.000
2023,6,11,1164.252,0.000
2023,6,13,866.268,0.000
2023,6,14,294.042,0.000
2023,6,15,0.000,10448.110
2023,6,18,0.000,9278.880
2023,6,22,0.000,9904.000
2023,6,24,0.000,4783.780
2023,6,32,0.000,9762.980
2023,6,39,1133.427,0.000
2023,6,69,0.000,8811.910
2023,6,70,794.594,0.000
2023,6,73,4007.614,0.000
2023,6,77,0.000,3820.350
2023,6,78,0.000,4486.870
2023,6,79,0.000,7873.520
2023,6,80,0.000,9410.730
2023,7,9,0.000,5202.640
2023,7,11,0.000,6669.690
2023,7,13,0.000,5627.270
2023,7,14,0.000,6160.520
2023,7,15,0.000,14804.070
2023,7,18,9383.616,0.000
2023,7,22,0.000,10569.760
2023,7,24,0.000,10656.230
2023,7,32,4291.269,0.000
2023,7,39,0.000,5503.140
2023,7,69,3108.664,0.000
2023,7,70,0.000,6462.650
2023,7,73,0.000,8945.140
2023,7,77,0.000,9945.100
2023,7,78,0.000,10407.670
2023,7,79,2591.964,0.000
2023,7,80,4154.671,0.000
2023,9,11,1760.977,0.000
2023,9,13,597.038,0.000
2023,9,14,1195.373,0.000
2023,9,15,0.000,10867.470
2023,9,18,0.000,9525.410
2023,9,22,0.000,9509.670
2023,9,24,0.000,5519.330
2023,9,32,0.000,8895.470
2023,9,39,436.961,0.000
2023,9,69,0.000,7879.640
2023,9,70,1442.836,0.000
2023,9,73,4635.174,0.000
2023,9,77,0.000,4764.690
2023,9,78,0.000,5247.130
2023,9,79,0.000,7108.010
2023,9,80,0.000,8370.630
2023,11,13,1170.232,0.000
2023,11,14,910.328,0.000
2023,11,15,0.000,9501.370
2023,11,18,0.000,10276.810
2023,11,22,0.000,8956.310
2023,11,24,0.000,4028.530
2023,11,32,0.000,10374.610
2023,11,39,1353.338,0.000
2023,11,69,0.000,9332.930
2023,11,70,390.761,0.000
2023,11,73,2940.986,0.000
2023,11,77,0.000,3372.850
2023,11,78,0.000,3757.780
2023,11,79,0.000,8597.740
2023,11,80,0.000,9681.060
2023,13,14,678.252,0.000
2023,13,15,0.000,10492.570
2023,13,18,0.000,9707.410
2023,13,22,0.000,9382.240
2023,13,24,0.000,5093.840
2023,13,32,0.000,9322.180
2023,13,39,274.387,0.000
2023,13,69,0.000,8302.270
2023,13,70,846.113,0.000
2023,13,73,4077.163,0.000
2023,13,77,0.000,4349.600
2023,13,78,0.000,4820.600
2023,13,79,0.000,7531.760
2023,13,80,0.000,8760.870
2023,14,15,0.000,10268.140
2023,14,18,0.000,9532.560
2023,14,22,0.000,9646.860
2023,14,24,0.000,4667.230
2023,14,32,0.000,9823.770
2023,14,39,952.532,0.000
2023,14,69,0.000,8843.940
2023,14,70,524.979,0.000
2023,14,73,3811.580,0.000
2023,14,77,0.000,3786.310
2023,14,78,0.000,4377.350
2023,14,79,0.000,7967.050
2023,14,80,0.000,9375.370
2023,15,18,0.000,15998.960
2023,15,22,5791.376,0.000
2023,15,24,0.000,5885.750
2023,15,32,0.000,16597.500
2023,15,39,0.000,10513.910
2023,15,69,0.000,15822.770
2023,15,70,0.000,9788.120
2023,15,73,0.000,6941.370
2023,15,77,0.000,7359.990
2023,15,78,0.000,6205.710
2023,15,79,0.000,16961.940
2023,15,80,0.000,14209.330
2023,18,22,0.000,18722.020
2023,18,24,0.000,12145.550
2023,18,32,8545.617,0.000
2023,18,39,0.000,9802.460
2023,18,69,9297.946,0.000
2023,18,70,0.000,10011.330
2023,18,73,0.000,12227.660
2023,18,77,0.000,10555.410
2023,18,78,0.000,11883.420
2023,18,79,7585.580,0.000
2023,18,80,11256.049,0.000
2023,22,24,0.000,7808.200
2023,22,32,0.000,11577.220
2023,22,39,0.000,9264.880
2023,22,69,0.000,10803.790
2023,22,70,0.000,9198.710
2023,22,73,0.000,7342.280
2023,22,77,0.000,9307.550
2023,22,78,0.000,8025.490
2023,22,79,0.000,12221.850
2023,22,80,0.000,9169.330
2023,24,32,0.000,14367.820
2023,24,39,0.000,5191.560
2023,24,69,0.000,13261.580
2023,24,70,0.000,4270.360
2023,24,73,0.000,1833.810
2023,24,77,1858.231,0.000
2023,24,78,387.710,0.000
2023,24,79,0.000,12622.870
2023,24,80,0.000,13201.590
2023,32,39,0.000,9206.280
2023,32,69,1382.148,0.000
2023,32,70,0.000,10157.520
2023,32,73,0.000,12627.560
2023,32,77,0.000,13571.130
2023,32,78,0.000,14120.280
2023,32,79,2373.737,0.000
2023,32,80,2798.196,0.000
2023,39,69,0.000,8171.600
2023,39,70,1070.162,0.000
2023,39,73,4200.466,0.000
2023,39,77,0.000,4495.970
2023,39,78,0.000,4924.530
2023,39,79,0.000,7442.820
2023,39,80,0.000,8597.120
2023,69,70,0.000,9135.990
2023,69,73,0.000,11482.790
2023,69,77,0.000,12629.020
2023,69,78,0.000,13034.130
2023,69,79,2032.846,0.000
2023,69,80,2023.553,0.000
2023,70,73,3324.123,0.000
2023,70,77,0.000,3529.090
2023,70,78,0.000,3992.170
2023,70,79,0.000,8352.510
2023,70,80,0.000,9548.780
2023,73,77,0.000,2327.880
2023,73,78,0.000,1697.170
2023,73,79,0.000,11037.590
2023,73,80,0.000,11370.060
2023,77,78,1528.498,0.000
2023,77,79,0.000,11621.240
2023,77,80,0.000,13047.300
2023,78,79,0.000,12341.230
2023,78,80,0.000,13054.210
2023,79,80,4016.648,0.000
2024,1,3,0.000,12100.290
2024,1,4,0.000,16818.980
2024,1,6,0.000,16419.930
2024,1,7,0.000,16724.840
2024,1,9,0.000,16890.100
2024,1,11,0.000,15524.380
2024,1,13,0.000,16524.960
2024,1,14,0.000,16268.660
2024,1,15,6966.334,0.000
2024,1,17,9290.222,0.000
2024,1,18,0.000,13093.650
2024,1,21,0.000,16103.780
2024,1,22,9349.165,0.000
2024,1,24,0.000,11651.650
2024,1,32,0.000,13578.140
2024,1,39,0.000,16538.430
2024,1,69,0.000,14293.550
2024,1,70,0.000,15806.380
2024,1,73,0.000,12959.920
2024,1,77,0.000,12801.610
2024,1,78,0.000,11956.260
2024,1,79,0.000,15593.410
2024,1,80,0.000,13132.450
2024,3,4,0.000,4718.690
2024,3,6,0.000,4340.260
2024,3,7,0.000,10259.310
2024,3,9,0.000,5097.970
2024,3,11,0.000,3608.610
2024,3,13,0.000,4671.450
2024,3,14,0.000,4229.400
2024,3,15,0.000,6332.170
2024,3,17,0.000,6842.500
2024,3,18,0.000,11826.430
2024,3,21,0.000,4049.120
2024,3,22,0.000,8052.260
2024,3,24,513.868,0.000
2024,3,32,0.000,13971.820
2024,3,39,0.000,4775.390
2024,3,69,0.000,12887.750
2024,3,70,0.000,3843.140
2024,3,73,0.000,1579.530
2024,3,77,1447.194,0.000
2024,3,78,128.924,0.000
2024,3,79,0.000,12192.610
2024,3,80,0.000,12923.420
2024,4,6,558.487,0.000
2024,4,7,0.000,5911.350
2024,4,9,1373.672,0.000
2024,4,11,1722.662,0.000
2024,4,13,1180.411,0.000
2024,4,14,830.312,0.000
2024,4,15,0.000,10899.380
2024,4,17,0.000,9864.350
2024,4,18,0.000,8792.970
2024,4,21,952.639,0.000
2024,4,22,0.000,10368.570
2024,4,24,0.000,5167.580
2024,4,32,0.000,9480.720
2024,4,39,1397.481,0.000
2024,4,69,0.000,8581.500
2024,4,70,1349.264,0.000
2024,4,73,4538.470,0.000
2024,4,77,0.000,4091.260
2024,4,78,0.000,4862.760
2024,4,79,0.000,7544.850
2024,4,80,0.000,9300.000
2024,6,7,0.000,6128.790
2024,6,9,1287.118,0.000
2024,6,11,1164.252,0.000
2024,6,13,866.268,0.000
2024,6,14,294.042,0.000
2024,6,15,0.000,10448.110
2024,6,17,0.000,9373.310
2024,6,18,0.000,9278.880
2024,6,21,402.478,0.000
2024,6,22,0.000,9904.000
2024,6,24,0.000,4783.780
2024,6,32,0.000,9762.980
2024,6,39,1133.427,0.000
2024,6,69,0.000,8811.910
2024,6,70,794.594,0.000
2024,6,73,4007.614,0.000
2024,6,77,0.000,3820.350
2024,6,78,0.000,4486.870
2024,6,79,0.000,7873.520
2024,6,80,0.000,9410.730
2024,7,9,0.000,5202.640
2024,7,11,0.000,6669.690
2024,7,13,0.000,5627.270
2024,7,14,0.000,6160.520
2024,7,15,0.000,14804.070
2024,7,17,0.000,11352.570
2024,7,18,9383.616,0.000
2024,7,21,0.000,6348.300
2024,7,22,0.000,10569.760
2024,7,24,0.000,10656.230
2024,7,32,4291.269,0.000
2024,7,39,0.000,5503.140
2024,7,69,3108.664,0.000
2024,7,70,0.000,6462.650
2024,7,73,0.000,8945.140
2024,7,77,0.000,9945.100
2024,7,78,0.000,10407.670
2024,7,79,2591.964,0.000
2024,7,80,4154.671,0.000
2024,9,11,1760.977,0.000
2024,9,13,597.038,0.000
2024,9,14,1195.373,0.000
2024,9,15,0.000,10867.470
2024,9,17,0.000,9205.980
2024,9,18,0.000,9525.410
2024,9,21,1464.393,0.000
2024,9,22,0.000,9509.670
2024,9,24,0.000,5519.330
2024,9,32,0.000,8895.470
2024,9,39,436.961,0.000
2024,9,69,0.000,7879.640
2024,9,70,1442.836,0.000
2024,9,73,4635.174,0.000
2024,9,77,0.000,4764.690
2024,9,78,0.000,5247.130
2024,9,79,0.000,7108.010
2024,9,80,0.000,8370.630
2024,11,13,1170.232,0.000
2024,11,14,910.328,0.000
2024,11,15,0.000,9501.370
2024,11,17,0.000,8363.910
2024,11,18,0.000,10276.810
2024,11,21,786.475,0.000
2024,11,22,0.000,8956.310
2024,11,24,0.000,4028.530
2024,11,32,0.000,10374.610
2024,11,39,1353.338,0.000
2024,11,69,0.000,9332.930
2024,11,70,390.761,0.000
2024,11,73,2940.986,0.000
2024,11,77,0.000,3372.850
2024,11,78,0.000,3757.780
2024,11,79,0.000,8597.740
2024,11,80,0.000,9681.060
2024,13,14,678.252,0.000
2024,13,15,0.000,10492.570
2024,13,17,0.000,8991.360
2024,13,18,0.000,9707.410
2024,13,21,923.755,0.000
2024,13,22,0.000,9382.240
2024,13,24,0.000,5093.840
2024,13,32,0.000,9322.180
2024,13,39,274.387,0.000
2024,13,69,0.000,8302.270
2024,13,70,846.113,0.000
2024,13,73,4077.163,0.000
2024,13,77,0.000,4349.600
2024,13,78,0.000,4820.600
2024,13,79,0.000,7531.760
2024,13,80,0.000,8760.870
2024,14,15,0.000,10268.140
2024,14,17,0.000,9122.530
2024,14,18,0.000,9532.560
2024,14,21,273.802,0.000
2024,14,22,0.000,9646.860
2024,14,24,0.000,4667.230
2024,14,32,0.000,9823.770
2024,14,39,952.532,0.000
2024,14,69,0.000,8843.940
2024,14,70,524.979,0.000
2024,14,73,3811.580,0.000
2024,14,77,0.000,3786.310
2024,14,78,0.000,4377.350
2024,14,79,0.000,7967.050
2024,14,80,0.000,9375.370
2024,15,17,4377.828,0.000
2024,15,18,0.000,15998.960
2024,15,21,0.000,10116.550
2024,15,22,5791.376,0.000
2024,15,24,0.000,5885.750
2024,15,32,0.000,16597.500
2024,15,39,0.000,10513.910
2024,15,69,0.000,15822.770
2024,15,70,0.000,9788.120
2024,15,73,0.000,6941.370
2024,15,77,0.000,7359.990
2024,15,78,0.000,6205.710
2024,15,79,0.000,16961.940
2024,15,80,0.000,14209.330
2024,17,18,0.000,18603.590
2024,17,21,0.000,9055.310
2024,17,22,1699.483,0.000
2024,17,24,0.000,6549.910
2024,17,32,0.000,12897.150
2024,17,39,0.000,8910.450
2024,17,69,0.000,12021.720
2024,17,70,0.000,8635.520
2024,17,73,0.000,6377.230
2024,17,77,0.000,8114.220
2024,17,78,0.000,6796.020
2024,17,79,0.000,13262.550
2024,17,80,0.000,10470.440
2024,18,21,0.000,9589.770
2024,18,22,0.000,18722.020
2024,18,24,0.000,12145.550
2024,18,32,8545.617,0.000
2024,18,39,0.000,9802.460
2024,18,69,9297.946,0.000
2024,18,70,0.000,10011.330
2024,18,73,0.000,12227.660
2024,18,77,0.000,10555.410
2024,18,78,0.000,11883.420
2024,18,79,7585.580,0.000
2024,18,80,11256.049,0.000
2024,21,22,0.000,9618.290
2024,21,24,0.000,4488.480
2024,21,32,0.000,10010.710
2024,21,39,1194.457,0.000
2024,21,69,0.000,9031.700
2024,21,70,457.213,0.000
2024,21,73,3606.150,0.000
2024,21,77,0.000,3598.690
2024,21,78,0.000,4196.810
2024,21,79,0.000,8149.750
2024,21,80,0.000,9555.840
2024,22,24,0.000,7808.200
2024,22,32,0.000,11577.220
2024,22,39,0.000,9264.880
2024,22,69,0.000,10803.790
2024,22,70,0.000,9198.710
2024,22,73,0.000,7342.280
2024,22,77,0.000,9307.550
2024,22,78,0.000,8025.490
2024,22,79,0.000,12221.850
2024,22,80,0.000,9169.330
2024,24,32,0.000,14367.820
2024,24,39,0.000,5191.560
2024,24,69,0.000,13261.580
2024,24,70,0.000,4270.360
2024,24,73,0.000,1833.810
2024,24,77,1858.231,0.000
2024,24,78,387.710,0.000
2024,24,79,0.000,12622.870
2024,24,80,0.000,13201.590
2024,32,39,0.000,9206.280
2024,32,69,1382.148,0.000
2024,32,70,0.000,10157.520
2024,32,73,0.000,12627.560
2024,32,77,0.000,13571.130
2024,32,78,0.000,14120.280
2024,32,79,2373.737,0.000
2024,32,80,2798.196,0.000
2024,39,69,0.000,8171.600
2024,39,70,1070.162,0.000
2024,39,73,4200.466,0.000
2024,39,77,0.000,4495.970
2024,39,78,0.000,4924.530
2024,39,79,0.000,7442.820
2024,39,80,0.000,8597.120
2024,69,70,0.000,9135.990
2024,69,73,0.000,11482.790
2024,69,77,0.000,12629.020
2024,69,78,0.000,13034.130
2024,69,79,2032.846,0.000
2024,69,80,2023.553,0.000
2024,70,73,3324.123,0.000
2024,70,77,0.000,3529.090
2024,70,78,0.000,3992.170
2024,70,79,0.000,8352.510
2024,70,80,0.000,9548.780
2024,73,77,0.000,2327.880
2024,73,78,0.000,1697.170
2024,73,79,0.000,11037.590
2024,73,80,0.000,11370.060
2024,77,78,1528.498,0.000
2024,77,79,0.000,11621.240
2024,77,80,0.000,13047.300
2024,78,79,0.000,12341.230
2024,78,80,0.000,13054.210
2024,79,80,4016.648,0.000
2025,1,3,0.000,12100.290
2025,1,4,0.000,16818.980
2025,1,6,0.000,16419.930
2025,1,7,0.000,16724.840
2025,1,9,0.000,16890.100
2025,1,11,0.000,15524.380
2025,1,13,0.000,16524.960
2025,1,14,0.000,16268.660
2025,1,15,6966.334,0.000
2025,1,17,9290.222,0.000
2025,1,18,0.000,13093.650
2025,1,21,0.000,16103.780
2025,1,22,9349.165,0.000
2025,1,24,0.000,11651.650
2025,1,32,0.000,13578.140
2025,1,39,0.000,16538.430
2025,1,69,0.000,14293.550
2025,1,70,0.000,15806.380
2025,1,73,0.000,12959.920
2025,1,77,0.000,12801.610
2025,1,78,0.000,11956.260
2025,1,79,0.000,15593.410
2025,1,80,0.000,13132.450
2025,3,4,0.000,4718.690
2025,3,6,0.000,4340.260
2025,3,7,0.000,10259.310
2025,3,9,0.000,5097.970
2025,3,11,0.000,3608.610
2025,3,13,0.000,4671.450
2025,3,14,0.000,4229.400
2025,3,15,0.000,6332.170
2025,3,17,0.000,6842.500
2025,3,18,0.000,11826.430
2025,3,21,0.000,4049.120
2025,3,22,0.000,8052.260
2025,3,24,513.868,0.000
2025,3,32,0.000,13971.820
2025,3,39,0.000,4775.390
2025,3,69,0.000,12887.750
2025,3,70,0.000,3843.140
2025,3,73,0.000,1579.530
2025,3,77,1447.194,0.000
2025,3,78,128.924,0.000
2025,3,79,0.000,12192.610
2025,3,80,0.000,12923.420
2025,4,6,558.487,0.000
2025,4,7,0.000,5911.350
2025,4,9,1373.672,0.000
2025,4,11,1722.662,0.000
2025,4,13,1180.411,0.000
2025,4,14,830.312,0.000
2025,4,15,0.000,10899.380
2025,4,17,0.000,9864.350
2025,4,18,0.000,8792.970
2025,4,21,952.639,0.000
2025,4,22,0.000,10368.570
2025,4,24,0.000,5167.580
2025,4,32,0.000,9480.720
2025,4,39,1397.481,0.000
2025,4,69,0.000,8581.500
2025,4,70,1349.264,0.000
2025,4,73,4538.470,0.000
2025,4,77,0.000,4091.260
2025,4,78,0.000,4862.760
2025,4,79,0.000,7544.850
2025,4,80,0.000,9300.000
2025,6,7,0.000,6128.790
2025,6,9,1287.118,0.000
2025,6,11,1164.252,0.000
2025,6,13,866.268,0.000
2025,6,14,294.042,0.000
2025,6,15,0.000,10448.110
2025,6,17,0.000,9373.310
2025,6,18,0.000,9278.880
2025,6,21,402.478,0.000
2025,6,22,0.000,9904.000
2025,6,24,0.000,4783.780
2025,6,32,0.000,9762.980
2025,6,39,1133.427,0.000
2025,6,69,0.000,8811.910
2025,6,70,794.594,0.000
2025,6,73,4007.614,0.000
2025,6,77,0.000,3820.350
2025,6,78,0.000,4486.870
2025,6,79,0.000,7873.520
2025,6,80,0.000,9410.730
2025,7,9,0.000,5202.640
2025,7,11,0.000,6669.690
2025,7,13,0.000,5627.270
2025,7,14,0.000,6160.520
2025,7,15,0.000,14804.070
2025,7,17,0.000,11352.570
2025,7,18,9383.616,0.000
2025,7,21,0.000,6348.300
2025,7,22,0.000,10569.760
2025,7,24,0.000,10656.230
2025,7,32,4291.269,0.000
2025,7,39,0.000,5503.140
2025,7,69,3108.664,0.000
2025,7,70,0.000,6462.650
2025,7,73,0.000,8945.140
2025,7,77,0.000,9945.100
2025,7,78,0.000,10407.670
2025,7,79,2591.964,0.000
2025,7,80,4154.671,0.000
2025,9,11,1760.977,0.000
2025,9,13,597.038,0.000
2025,9,14,1195.373,0.000
2025,9,15,0.000,10867.470
2025,9,17,0.000,9205.980
2025,9,18,0.000,9525.410
2025,9,21,1464.393,0.000
2025,9,22,0.000,9509.670
2025,9,24,0.000,5519.330
2025,9,32,0.000,8895.470
2025,9,39,436.961,0.000
2025,9,69,0.000,7879.640
2025,9,70,1442.836,0.000
2025,9,73,4635.174,0.000
2025,9,77,0.000,4764.690
2025,9,78,0.000,5247.130
2025,9,79,0.000,7108.010
2025,9,80,0.000,8370.630
2025,11,13,1170.232,0.000
2025,11,14,910.328,0.000
2025,11,15,0.000,9501.370
2025,11,17,0.000,8363.910
2025,11,18,0.000,10276.810
2025,11,21,786.475,0.000
2025,11,22,0.000,8956.310
2025,11,24,0.000,4028.530
2025,11,32,0.000,10374.610
2025,11,39,1353.338,0.000
2025,11,69,0.000,9332.930
2025,11,70,390.761,0.000
2025,11,73,2940.986,0.000
2025,11,77,0.000,3372.850
2025,11,78,0.000,3757.780
2025,11,79,0.000,8597.740
2025,11,80,0.000,9681.060
2025,13,14,678.252,0.000
2025,13,15,0.000,10492.570
2025,13,17,0.000,8991.360
2025,13,18,0.000,9707.410
2025,13,21,923.755,0.000
2025,13,22,0.000,9382.240
2025,13,24,0.000,5093.840
2025,13,32,0.000,9322.180
2025,13,39,274.387,0.000
2025,13,69,0.000,8302.270
2025,13,70,846.113,0.000
2025,13,73,4077.163,0.000
2025,13,77,0.000,4349.600
2025,13,78,0.000,4820.600
2025,13,79,0.000,7531.760
2025,13,80,0.000,8760.870
2025,14,15,0.000,10268.140
2025,14,17,0.000,9122.530
2025,14,18,0.000,9532.560
2025,14,21,273.802,0.000
2025,14,22,0.000,9646.860
2025,14,24,0.000,4667.230
2025,14,32,0.000,9823.770
2025,14,39,952.532,0.000
2025,14,69,0.000,8843.940
2025,14,70,524.979,0.000
2025,14,73,3811.580,0.000
2025,14,77,0.000,3786.310
2025,14,78,0.000,4377.350
2025,14,79,0.000,7967.050
2025,14,80,0.000,9375.370
2025,15,17,4377.828,0.000
2025,15,18,0.000,15998.960
2025,15,21,0.000,10116.550
2025,15,22,5791.376,0.000
2025,15,24,0.000,5885.750
2025,15,32,0.000,16597.500
2025,15,39,0.000,10513.910
2025,15,69,0.000,15822.770
2025,15,70,0.000,9788.120
2025,15,73,0.000,6941.370
2025,15,77,0.000,7359.990
2025,15,78,0.000,6205.710
2025,15,79,0.000,16961.940
2025,15,80,0.000,14209.330
2025,17,18,0.000,18603.590
2025,17,21,0.000,9055.310
2025,17,22,1699.483,0.000
2025,17,24,0.000,6549.910
2025,17,32,0.000,12897.150
2025,17,39,0.000,8910.450
2025,17,69,0.000,12021.720
2025,17,70,0.000,8635.520
2025,17,73,0.000,6377.230
2025,17,77,0.000,8114.220
2025,17,78,0.000,6796.020
2025,17,79,0.000,13262.550
2025,17,80,0.000,10470.440
2025,18,21,0.000,9589.770
2025,18,22,0.000,18722.020
2025,18,24,0.000,12145.550
2025,18,32,8545.617,0.000
2025,18,39,0.000,9802.460
2025,18,69,9297.946,0.000
2025,18,70,0.000,10011.330
2025,18,73,0.000,12227.660
2025,18,77,0.000,10555.410
2025,18,78,0.000,11883.420
2025,18,79,7585.580,0.000
2025,18,80,11256.049,0.000
2025,21,22,0.000,9618.290
2025,21,24,0.000,4488.480
2025,21,32,0.000,10010.710
2025,21,39,1194.457,0.000
2025,21,69,0.000,9031.700
2025,21,70,457.213,0.000
2025,21,73,3606.150,0.000
2025,21,77,0.000,3598.690
2025,21,78,0.000,4196.810
2025,21,79,0.000,8149.750
2025,21,80,0.000,9555.840
2025,22,24,0.000,7808.200
2025,22,32,0.000,11577.220
2025,22,39,0.000,9264.880
2025,22,69,0.000,10803.790
2025,22,70,0.000,9198.710
2025,22,73,0.000,7342.280
2025,22,77,0.000,9307.550
2025,22,78,0.000,8025.490
2025,22,79,0.000,12221.850
2025,22,80,0.000,9169.330
2025,24,32,0.000,14367.820
2025,24,39,0.000,5191.560
2025,24,69,0.000,13261.580
2025,24,70,0.000,4270.360
2025,24,73,0.000,1833.810
2025,24,77,1858.231,0.000
2025,24,78,387.710,0.000
2025,24,79,0.000,12622.870
2025,24,80,0.000,13201.590
2025,32,39,0.000,9206.280
2025,32,69,1382.148,0.000
2025,32,70,0.000,10157.520
2025,32,73,0.000,12627.560
2025,32,77,0.000,13571.130
2025,32,78,0.000,14120.280
2025,32,79,2373.737,0.000
2025,32,80,2798.196,0.000
2025,39,69,0.000,8171.600
2025,39,70,1070.162,0.000
2025,39,73,4200.466,0.000
2025,39,77,0.000,4495.970
2025,39,78,0.000,4924.530
2025,39,79,0.000,7442.820
2025,39,80,0.000,8597.120
2025,69,70,0.000,9135.990
2025,69,73,0.000,11482.790
2025,69,77,0.000,12629.020
2025,69,78,0.000,13034.130
2025,69,79,2032.846,0.000
2025,69,80,2023.553,0.000
2025,70,73,3324.123,0.000
2025,70,77,0.000,3529.090
2025,70,78,0.000,3992.170
2025,70,79,0.000,8352.510
2025,70,80,0.000,9548.780
2025,73,77,0.000,2327.880
2025,73,78,0.000,1697.170
2025,73,79,0.000,11037.590
2025,73,80,0.000,11370.060
2025,77,78,1528.498,0.000
2025,77,79,0.000,11621.240
2025,77,80,0.000,13047.300
2025,78,79,0.000,12341.230
2025,78,80,0.000,13054.210
2025,79,80,4016.648,0.000
